Postcode,Lat,Lon,State,Suburb
200,-35.2777,149.1189,ACT,Australian National University
221,-35.3049,149.1412,ACT,Barton
800,-12.4611,130.8418,NT,Darwin
801,-12.4611,130.8418,NT,Darwin
803,-12.4348,130.7443,NT,Wagait Beach
804,-12.4305,130.8414,NT,Parap
810,-12.37458125,130.87516875,NT,Casuarina
811,-12.374,130.8822,NT,Casuarina
812,-14.924600000000002,132.30243000000002,NT,Sanderson
813,-12.3907,130.8972,NT,Sanderson
814,-12.383,130.8517,NT,Nightcliff
815,-12.3792,130.8784,NT,Charles Darwin University
820,-12.429482352941177,130.85701176470587,NT,Winnellie
821,-12.4292,130.8859,NT,Winnellie
822,-12.692208571428571,131.3428742857143,NT,Milyakburra
828,-12.43085,130.9359,NT,Berrimah
829,-12.45305,130.9827,NT,Pinelands
830,-12.48858181818182,130.978,NT,Driver
831,-12.486,130.9833,NT,Palmerston
832,-12.496675,130.9989375,NT,Zuccoli
834,-12.519,131.0284,NT,Virginia
835,-12.512633333333333,131.03813333333335,NT,Coolalinga
836,-12.547833333333335,131.13146666666668,NT,Girraween
837,-12.762450000000001,131.09655,NT,Manton
838,-12.6968,131.01,NT,Berry Springs
839,-12.5231,131.0415,NT,Coolalinga
840,-12.728866666666667,130.43806666666669,NT,Dundee Beach
841,-12.8193,130.9697,NT,Darwin River
845,-13.0505,131.0307,NT,Batchelor
846,-13.2379,131.1056,NT,Adelaide River
847,-13.8208,131.8329,NT,Pine Creek
850,-14.4471,132.2784,NT,Cossack
851,-14.4652,132.2635,NT,Katherine
852,-15.271905882352941,132.9672705882353,NT,Yarralin
853,-14.55225,132.45965,NT,Tindal
854,-15.481300000000001,134.7332,NT,King Ash Bay
860,-19.6548,134.1871,NT,Tennant Creek
861,-23.7,133.8833,NT,Tennant Creek
862,-27.10161111111111,139.33715555555557,NT,Warrego
870,-23.701755,133.87304,NT,Stuart
871,-23.7,133.8833,NT,Alice Springs
872,-23.161997222222222,133.15915972222223,NT,Ampilatwatja
873,-23.5298,133.5021,NT,Heavitree Gap Cpa
880,-12.289024999999999,136.54605,NT,Nhulunbuy
881,-12.1816,136.7784,NT,Nhulunbuy
885,-13.8541,136.4213,NT,Alyangula
886,-12.6705,132.836,NT,Jabiru
906,-12.4292,130.8859,NT,Winnellie
907,-12.4292,130.8859,NT,Winnellie
909,-12.3731,130.8681,NT,Charles Darwin University
1001,-33.8678,151.2073,NSW,Sydney
1002,-33.8678,151.2073,NSW,Sydney
1003,-33.8678,151.2073,NSW,Sydney
1004,-33.8678,151.2073,NSW,Sydney
1005,-33.8678,151.2073,NSW,Sydney
1006,-33.8678,151.2073,NSW,Sydney
1007,-33.8678,151.2073,NSW,Sydney
1008,-33.8678,151.2073,NSW,Sydney
1009,-33.8678,151.2073,NSW,Sydney
1010,-33.8678,151.2073,NSW,Sydney
1011,-33.8678,151.2073,NSW,Sydney
1020,-33.8678,151.2073,NSW,Sydney
1021,-33.8678,151.2073,NSW,Sydney
1022,-33.8678,151.2073,NSW,Sydney
1023,-33.8678,151.2073,NSW,Sydney
1025,-33.8678,151.2073,NSW,Sydney
1026,-33.8678,151.2073,NSW,Sydney
1027,-33.8678,151.2073,NSW,Sydney
1028,-33.8678,151.2073,NSW,Sydney
1029,-33.8678,151.2073,NSW,Sydney
1030,-33.8678,151.2073,NSW,Sydney
1031,-33.8678,151.2073,NSW,Sydney
1032,-33.8678,151.2073,NSW,Sydney
1033,-33.8678,151.2073,NSW,Sydney
1034,-33.8678,151.2073,NSW,Sydney
1035,-33.8678,151.2073,NSW,Sydney
1036,-33.8678,151.2073,NSW,Sydney
1037,-33.8678,151.2073,NSW,Sydney
1038,-33.8678,151.2073,NSW,Sydney
1039,-33.8678,151.2073,NSW,Sydney
1040,-33.8678,151.2073,NSW,Sydney
1041,-33.8678,151.2073,NSW,Sydney
1042,-33.8678,151.2073,NSW,Sydney
1043,-33.8678,151.2073,NSW,Sydney
1044,-33.8678,151.2073,NSW,Sydney
1045,-33.8678,151.2073,NSW,Sydney
1046,-33.8678,151.2073,NSW,Sydney
1100,-33.8678,151.2073,NSW,Sydney
1101,-33.8678,151.2073,NSW,Sydney
1105,-33.8678,151.2073,NSW,Sydney
1106,-33.8678,151.2073,NSW,Sydney
1107,-33.8678,151.2073,NSW,Sydney
1108,-33.8678,151.2073,NSW,Sydney
1109,-33.8678,151.2073,NSW,Sydney
1110,-33.8678,151.2073,NSW,Sydney
1112,-33.8678,151.2073,NSW,Sydney
1113,-33.8678,151.2073,NSW,Sydney
1114,-33.8678,151.2073,NSW,Sydney
1115,-33.8678,151.2073,NSW,Sydney
1116,-33.8678,151.2073,NSW,Sydney
1117,-33.8678,151.2073,NSW,Sydney
1118,-33.8678,151.2073,NSW,Sydney
1119,-33.8678,151.2073,NSW,Sydney
1120,-33.8678,151.2073,NSW,Sydney
1121,-33.8678,151.2073,NSW,Sydney
1122,-33.8678,151.2073,NSW,Sydney
1123,-33.8678,151.2073,NSW,Sydney
1124,-33.8678,151.2073,NSW,Sydney
1125,-33.8678,151.2073,NSW,Sydney
1126,-33.8678,151.2073,NSW,Sydney
1127,-33.8678,151.2073,NSW,Sydney
1128,-33.8678,151.2073,NSW,Sydney
1129,-33.8678,151.2073,NSW,Sydney
1130,-33.8678,151.2073,NSW,Sydney
1131,-33.8678,151.2073,NSW,Sydney
1132,-33.8678,151.2073,NSW,Sydney
1133,-33.8678,151.2073,NSW,Sydney
1134,-33.8678,151.2073,NSW,Sydney
1135,-33.8678,151.2073,NSW,Sydney
1136,-33.8678,151.2073,NSW,Sydney
1137,-33.8678,151.2073,NSW,Sydney
1138,-33.8678,151.2073,NSW,Sydney
1139,-33.8678,151.2073,NSW,Sydney
1140,-33.8678,151.2073,NSW,Sydney
1141,-33.8678,151.2073,NSW,Sydney
1142,-33.8678,151.2073,NSW,Sydney
1143,-33.8678,151.2073,NSW,Sydney
1144,-33.8678,151.2073,NSW,Sydney
1145,-33.8678,151.2073,NSW,Sydney
1146,-33.8678,151.2073,NSW,Sydney
1147,-33.8678,151.2073,NSW,Sydney
1148,-33.8678,151.2073,NSW,Sydney
1149,-33.8678,151.2073,NSW,Sydney
1150,-33.8678,151.2073,NSW,Sydney
1151,-33.8678,151.2073,NSW,Sydney
1152,-33.8678,151.2073,NSW,Sydney
1153,-33.8678,151.2073,NSW,Sydney
1154,-33.8678,151.2073,NSW,Sydney
1155,-33.8678,151.2073,NSW,Sydney
1156,-33.8678,151.2073,NSW,Sydney
1157,-33.8678,151.2073,NSW,Sydney
1158,-33.8678,151.2073,NSW,Sydney
1159,-33.8678,151.2073,NSW,Sydney
1160,-33.8678,151.2073,NSW,Sydney
1161,-33.8678,151.2073,NSW,Sydney
1162,-33.8678,151.2073,NSW,Sydney
1163,-33.8678,151.2073,NSW,Sydney
1164,-33.8678,151.2073,NSW,Sydney
1165,-33.8678,151.2073,NSW,Sydney
1166,-33.8678,151.2073,NSW,Sydney
1167,-33.8678,151.2073,NSW,Sydney
1168,-33.8678,151.2073,NSW,Sydney
1169,-33.8678,151.2073,NSW,Sydney
1170,-33.8678,151.2073,NSW,Sydney
1171,-33.8678,151.2073,NSW,Sydney
1172,-33.8678,151.2073,NSW,Sydney
1173,-33.8678,151.2073,NSW,Sydney
1174,-33.8678,151.2073,NSW,Sydney
1175,-33.8678,151.2073,NSW,Sydney
1176,-33.8678,151.2073,NSW,Sydney
1177,-33.8678,151.2073,NSW,Sydney
1178,-33.8678,151.2073,NSW,Sydney
1179,-33.8678,151.2073,NSW,Sydney
1180,-33.8678,151.2073,NSW,Sydney
1181,-33.8678,151.2073,NSW,Sydney
1182,-33.8678,151.2073,NSW,Sydney
1183,-33.8678,151.2073,NSW,Sydney
1184,-33.8678,151.2073,NSW,Sydney
1185,-33.8678,151.2073,NSW,Sydney
1186,-33.8678,151.2073,NSW,Sydney
1187,-33.8678,151.2073,NSW,Sydney
1188,-33.8678,151.2073,NSW,Sydney
1189,-33.8678,151.2073,NSW,Sydney
1190,-33.8678,151.2073,NSW,Sydney
1191,-33.8678,151.2073,NSW,Sydney
1192,-33.8678,151.2073,NSW,Sydney
1193,-33.8678,151.2073,NSW,Sydney
1194,-33.8678,151.2073,NSW,Sydney
1195,-33.8678,151.2073,NSW,Sydney
1196,-33.8678,151.2073,NSW,Sydney
1197,-33.8678,151.2073,NSW,Sydney
1198,-33.8678,151.2073,NSW,Sydney
1199,-33.8678,151.2073,NSW,Sydney
1200,-33.8678,151.2073,NSW,Sydney
1201,-33.8678,151.2073,NSW,Sydney
1202,-33.8678,151.2073,NSW,Sydney
1203,-33.8678,151.2073,NSW,Sydney
1204,-33.8678,151.2073,NSW,Sydney
1205,-33.8678,151.2073,NSW,Sydney
1206,-33.8678,151.2073,NSW,Sydney
1207,-33.8678,151.2073,NSW,Sydney
1208,-33.8787,151.2053,NSW,Haymarket
1209,-33.8691,151.2071,NSW,Australia Square
1210,-33.8707,151.2068,NSW,Australia Square
1211,-33.8707,151.2068,NSW,Australia Square
1212,-33.8707,151.2068,NSW,Australia Square
1213,-33.8707,151.2068,NSW,Australia Square
1214,-33.8707,151.2068,NSW,Australia Square
1215,-33.8707,151.2068,NSW,Australia Square
1216,-33.8707,151.2068,NSW,Grosvenor Place
1217,-33.8707,151.2068,NSW,Grosvenor Place
1218,-33.8707,151.2068,NSW,Grosvenor Place
1219,-33.8707,151.2068,NSW,Grosvenor Place
1220,-33.8707,151.2068,NSW,Grosvenor Place
1221,-33.8707,151.2068,NSW,Royal Exchange
1222,-33.8707,151.2068,NSW,Royal Exchange
1223,-33.8707,151.2068,NSW,Royal Exchange
1224,-33.8707,151.2068,NSW,Royal Exchange
1225,-33.8707,151.2068,NSW,Royal Exchange
1226,-33.8707,151.2068,NSW,Queen Victoria Building
1227,-33.8707,151.2068,NSW,Queen Victoria Building
1228,-33.8707,151.2068,NSW,Queen Victoria Building
1229,-33.8707,151.2068,NSW,Queen Victoria Building
1230,-33.8787,151.2053,NSW,Queen Victoria Building
1231,-33.8787,151.2053,NSW,Sydney South
1232,-33.8787,151.2053,NSW,Sydney South
1233,-33.8787,151.2053,NSW,Sydney South
1234,-33.8787,151.2053,NSW,Sydney South
1235,-33.8787,151.2053,NSW,Sydney South
1236,-33.8787,151.2053,NSW,Haymarket
1237,-33.8787,151.2053,NSW,Haymarket
1238,-33.8787,151.2053,NSW,Haymarket
1239,-33.8787,151.2053,NSW,Haymarket
1240,-33.8787,151.2053,NSW,Haymarket
1291,-33.8678,151.2073,NSW,Sydney
1292,-33.8678,151.2073,NSW,Sydney
1293,-33.8678,151.2073,NSW,Sydney
1294,-33.8678,151.2073,NSW,Sydney
1295,-33.8678,151.2073,NSW,Sydney
1296,-33.8678,151.2073,NSW,Sydney
1297,-33.8678,151.2073,NSW,Sydney
1298,-33.8678,151.2073,NSW,Sydney
1299,-33.8678,151.2073,NSW,Sydney
1300,-33.8794,151.2193,NSW,Darlinghurst
1311,-33.8784,151.2313,NSW,Eastern Suburbs Mc
1312,-33.8784,151.2313,NSW,Eastern Suburbs Mc
1313,-33.8784,151.2313,NSW,Eastern Suburbs Mc
1314,-33.8784,151.2313,NSW,Eastern Suburbs Mc
1315,-33.8784,151.2313,NSW,Eastern Suburbs Mc
1316,-33.8784,151.2313,NSW,Eastern Suburbs Mc
1317,-33.8784,151.2313,NSW,Eastern Suburbs Mc
1318,-33.8784,151.2313,NSW,Eastern Suburbs Mc
1319,-33.8784,151.2313,NSW,Eastern Suburbs Mc
1320,-33.8784,151.2313,NSW,Eastern Suburbs Mc
1321,-33.8784,151.2313,NSW,Eastern Suburbs Mc
1322,-33.8784,151.2313,NSW,Eastern Suburbs Mc
1323,-33.8784,151.2313,NSW,Eastern Suburbs Mc
1324,-33.8784,151.2313,NSW,Eastern Suburbs Mc
1325,-33.8784,151.2313,NSW,Eastern Suburbs Mc
1326,-33.8784,151.2313,NSW,Eastern Suburbs Mc
1327,-33.8784,151.2313,NSW,Eastern Suburbs Mc
1328,-33.8784,151.2313,NSW,Eastern Suburbs Mc
1329,-33.8784,151.2313,NSW,Eastern Suburbs Mc
1330,-33.8693,151.2248,NSW,Eastern Suburbs Mc
1331,-33.8693,151.2248,NSW,Eastern Suburbs Mc
1332,-33.8693,151.2248,NSW,Eastern Suburbs Mc
1333,-33.8693,151.2248,NSW,Eastern Suburbs Mc
1334,-33.8693,151.2248,NSW,Eastern Suburbs Mc
1335,-33.8713,151.222,NSW,Potts Point
1340,-33.875,151.2223,NSW,Kings Cross
1350,-33.8878,151.2368,NSW,Woollahra
1355,-33.8928,151.2472,NSW,Bondi Junction
1360,-33.8778,151.2435,NSW,Double Bay
1363,-33.9014,151.2138,NSW,Moore Park
1391,-33.8784,151.2313,NSW,Eastern Suburbs Mc
1401,-33.9475,151.1522,NSW,Broadway
1416,-33.9475,151.1522,NSW,Southern Suburbs Mc
1419,-33.9475,151.1522,NSW,Southern Suburbs Mc
1420,-33.9475,151.1522,NSW,Strawberry Hills
1421,-33.9475,151.1522,NSW,Strawberry Hills
1422,-33.9475,151.1522,NSW,Strawberry Hills
1423,-33.9475,151.1522,NSW,Strawberry Hills
1424,-33.9475,151.1522,NSW,Strawberry Hills
1425,-33.9475,151.1522,NSW,Strawberry Hills
1426,-33.9475,151.1522,NSW,Strawberry Hills
1427,-33.9475,151.1522,NSW,Strawberry Hills
1428,-33.9475,151.1522,NSW,Strawberry Hills
1429,-33.9475,151.1522,NSW,Strawberry Hills
1430,-33.8956,151.1924,NSW,Eveleigh
1435,-33.9022,151.2004,NSW,Alexandria
1440,-33.9167,151.2,NSW,Waterloo
1445,-33.9167,151.2,NSW,Rosebery
1450,-33.8897,151.1764,NSW,Camperdown
1455,-33.946,151.1959,NSW,Botany
1460,-33.926,151.1935,NSW,Mascot
1465,-33.9202,151.2224,NSW,Kensington
1466,-33.925,151.2083,NSW,Unsw Sydney
1470,-33.8524,151.1549,NSW,Drummoyne
1475,-33.9032,151.1518,NSW,Marrickville
1480,-33.9393,151.0993,NSW,Kingsgrove
1481,-33.9687,151.1109,NSW,Hurstville Bc
1484,-33.9687,151.1109,NSW,Kingsgrove DC
1485,-33.9833,151.1167,NSW,Kogarah
1487,-33.9833,151.1167,NSW,Kogarah
1490,-34.0386,151.1001,NSW,Miranda
1493,-33.9799,151.0903,NSW,Hurstville
1495,-34.0473,151.1205,NSW,Caringbah
1499,-34.031,151.0553,NSW,Sutherland
1515,-33.794,151.1649,NSW,West Chatswood
1560,-33.8094,151.2222,NSW,Northbridge
1565,-33.846,151.2119,NSW,Milsons Point
1570,-33.8167,151.1833,NSW,Artarmon
1582,-33.8265,151.2019,NSW,Crows Nest
1585,-33.8265,151.2019,NSW,Crows Nest
1590,-33.8234,151.1984,NSW,St Leonards
1595,-33.8157,151.1668,NSW,Lane Cove
1597,-33.8157,151.1668,NSW,Lane Cove
1602,-33.7554,151.1998,NSW,Lane Cove DC
1630,-33.7024,151.0993,NSW,Hornsby
1635,-33.7,151.1,NSW,Hornsby Westfield
1639,-33.7482,151.2232,NSW,Frenchs Forest
1640,-33.7482,151.2232,NSW,Frenchs Forest
1655,-33.798,151.2883,NSW,Manly
1658,-33.6776,151.3031,NSW,Mona Vale
1660,-33.6776,151.3031,NSW,Mona Vale
1670,-33.8151,151.1288,NSW,North Ryde Bc
1671,-33.7968,151.1244,NSW,North Ryde
1675,-33.8333,151.1333,NSW,Gladesville
1680,-33.8188,151.1062,NSW,Ryde
1685,-33.8054,151.0739,NSW,West Ryde
1690,-33.7554,151.1998,NSW,Northern Suburbs Mc
1691,-33.7554,151.1998,NSW,Northern Suburbs Mc
1692,-33.7554,151.1998,NSW,Northern Suburbs Mc
1693,-33.7554,151.1998,NSW,Northern Suburbs Mc
1694,-33.7554,151.1998,NSW,Northern Suburbs Mc
1695,-33.7554,151.1998,NSW,Northern Suburbs Mc
1696,-33.7554,151.1998,NSW,Northern Suburbs Mc
1697,-33.7554,151.1998,NSW,Northern Suburbs Mc
1698,-33.7554,151.1998,NSW,Northern Suburbs Mc
1699,-33.7554,151.1998,NSW,Northern Suburbs Mc
1700,-33.8148,151.0547,NSW,Ermington
1701,-33.7613,151.0294,NSW,Rydalmere Bc
1710,-33.7727,151.0818,NSW,Epping
1712,-33.7727,151.0818,NSW,Epping
1715,-33.7378,151.0722,NSW,Pennant Hills
1730,-33.7833,150.9333,NSW,Seven Hills
1740,-33.7613,151.0294,NSW,Parramatta
1741,-33.7613,151.0294,NSW,Parramatta
1750,-33.7935,151.0012,NSW,North Parramatta
1755,-33.7588,150.9929,NSW,Baulkham Hills
1765,-33.7333,151.0,NSW,Castle Hill
1771,-33.7378,151.0722,NSW,Pennant Hills
1781,-33.7613,151.0294,NSW,Seven Hills Mc
1790,-33.7613,151.0294,NSW,St Marys
1797,-33.7613,151.0294,NSW,Penrith South DC
1800,-33.8883,151.1227,NSW,Ashfield
1805,-33.8833,151.1,NSW,Burwood
1811,-33.8334,151.0473,NSW,Silverwater
1825,-33.8644,151.0397,NSW,Lidcombe
1826,-33.8644,151.0397,NSW,Lidcombe
1830,-33.8333,151.0167,NSW,Granville
1831,-33.8333,151.0167,NSW,Granville
1835,-33.85,151.0333,NSW,Auburn
1848,-33.8643,150.9839,NSW,Guildford
1851,-33.8872,151.0086,NSW,Wetherill Park Dc
1860,-33.8667,150.95,NSW,Fairfield
1871,-33.9,150.9333,NSW,Liverpool
1875,-33.9425,150.9377,NSW,Moorebank
1885,-33.9167,151.0333,NSW,Bankstown
1888,-33.9167,151.0333,NSW,Bankstown
1890,-34.0,150.8667,NSW,Ingleburn
1891,-33.9393,150.9815,NSW,Milperra
1900,-33.8816,150.9844,NSW,Leightonfield Mc
1902,-33.8816,150.9844,NSW,Leightonfield Mc
2000,-33.8645875,151.2052375,NSW,Sydney
2001,-33.8678,151.2073,NSW,Sydney
2002,-33.8699,151.2025,NSW,World Square
2004,-33.8699,151.2025,NSW,Alexandria Mc
2006,-33.8699,151.2025,NSW,The University Of Sydney
2007,-33.87355,151.19985,NSW,Broadway
2008,-33.88885,151.19650000000001,NSW,Darlington
2009,-33.8698,151.194,NSW,Pyrmont
2010,-33.88155,151.21605,NSW,Darlinghurst
2011,-33.872659999999996,151.22382,NSW,Kings Cross
2012,-33.9032,150.9677,NSW,Strawberry Hills
2015,-33.9031,151.19773333333333,NSW,Eveleigh
2016,-33.8928,151.2041,NSW,Redfern
2017,-33.912099999999995,151.2043,NSW,Waterloo
2018,-33.924350000000004,151.20605,NSW,Rosebery
2019,-33.9513,151.20274999999998,NSW,Botany
2020,-33.934666666666665,151.18863333333334,NSW,Sydney International Airport
2021,-33.8945,151.2263,NSW,Paddington
2022,-33.896150000000006,151.2472,NSW,Queens Park
2023,-33.879,151.251,NSW,Bellevue Hill
2024,-33.89985,151.25785000000002,NSW,Bronte
2025,-33.8878,151.2368,NSW,Woollahra
2026,-33.89188,151.26586,NSW,Tamarama
2027,-33.87235,151.245825,NSW,Darling Point
2028,-33.8778,151.2435,NSW,Double Bay
2029,-33.8688,151.2706,NSW,Rose Bay
2030,-33.85798,151.27998,NSW,Vaucluse
2031,-33.919175,151.242425,NSW,Clovelly
2032,-33.928650000000005,151.2304,NSW,Kingsford
2033,-33.9202,151.2224,NSW,Kensington
2034,-33.9205,151.2552,NSW,South Coogee
2035,-33.9453,151.22356666666667,NSW,Maroubra
2036,-33.966455555555555,151.2342888888889,NSW,Phillip Bay
2037,-33.8801,151.18215,NSW,Glebe
2038,-33.8833,151.1667,NSW,Annandale
2039,-33.8614,151.1705,NSW,Rozelle
2040,-33.8792,151.16075,NSW,Lilyfield
2041,-33.8545,151.18616666666665,NSW,Balmain
2042,-32.315799999999996,151.48875,NSW,Newtown
2043,-33.9025,151.1858,NSW,Erskineville
2044,-33.9189,151.1705,NSW,St Peters
2045,-33.8833,151.2,NSW,Haberfield
2046,-33.857142857142854,151.1367857142857,NSW,Russell Lea
2047,-33.8524,151.1549,NSW,Drummoyne
2048,-33.88695,151.16325,NSW,Westgate
2049,-33.895466666666664,151.15286666666665,NSW,Petersham North
2050,-33.88945,151.17675,NSW,Missenden Road
2052,-33.8427,151.1936,NSW,Unsw Sydney
2055,-33.839,151.2072,NSW,North Sydney
2057,-33.8,151.1833,NSW,Chatswood
2058,-33.8427,151.1936,NSW,Northern Suburbs Mc
2059,-33.839,151.2072,NSW,North Sydney
2060,-33.838885714285716,151.20338571428573,NSW,Hmas Waterhen
2061,-33.84735,151.21405,NSW,Milsons Point
2062,-33.8213,151.2161,NSW,Cammeray
2063,-33.8094,151.2222,NSW,Northbridge
2064,-33.8167,151.1833,NSW,Artarmon
2065,-33.82541428571428,151.19322857142856,NSW,Greenwich
2066,-33.82112857142857,151.1630857142857,NSW,Northwood
2067,-33.797,151.1741,NSW,Chatswood West
2068,-33.80016666666666,151.2105,NSW,Willoughby East
2069,-33.78276666666667,151.19643333333332,NSW,Castle Cove
2070,-33.7755,151.1745,NSW,East Lindfield
2071,-33.7607,151.17180000000002,NSW,Killara
2072,-33.7553,151.1512,NSW,Gordon
2073,-33.7553,151.1376,NSW,West Pymble
2074,-33.731175,151.127,NSW,South Turramurra
2075,-33.71235,151.16770000000002,NSW,St Ives Chase
2076,-33.71893333333333,151.1128,NSW,Wahroonga
2077,-33.691975,151.099225,NSW,Waitara
2079,-33.6833,151.1167,NSW,Mount Colah
2080,-33.642,151.1287,NSW,Mount Kuring-Gai
2081,-33.6082,151.15975,NSW,Berowra
2082,-33.59856666666667,151.12866666666665,NSW,Berowra Creek
2083,-33.524342857142855,151.20317142857144,NSW,Cogra Bay
2084,-33.657833333333336,151.21096666666668,NSW,Duffys Forest
2085,-33.73326666666667,151.21436666666668,NSW,Belrose West
2086,-33.7482,151.2232,NSW,Frenchs Forest East
2087,-33.7706,151.2143,NSW,Killarney Heights
2088,-33.83405,151.2422,NSW,Mosman
2089,-33.83866666666666,151.21946666666668,NSW,Kurraba Point
2090,-33.834833333333336,151.22683333333333,NSW,Cremorne Junction
2091,-33.7787,151.2745,NSW,Hmas Penguin
2092,-33.8014,151.2398,NSW,Seaforth
2093,-33.7944,151.25916,NSW,Balgowlah Heights
2094,-33.7957,151.2735,NSW,Fairlight
2095,-33.798,151.2883,NSW,Manly
2096,-33.777275,151.283525,NSW,Curl Curl
2097,-33.730175,151.292,NSW,Collaroy Beach
2099,-33.748059999999995,151.28209999999999,NSW,Wingala
2100,-33.7609,151.2574857142857,NSW,Brookvale
2101,-33.702075,151.284175,NSW,Elanora Heights
2102,-33.683949999999996,151.29444999999998,NSW,Warriewood
2103,-33.6776,151.3031,NSW,Mona Vale
2104,-33.6598,151.2988,NSW,Bayview
2105,-33.6398,151.28458333333333,NSW,Church Point
2106,-33.65605,151.3184,NSW,Newport
2107,-33.633385714285716,151.3228142857143,NSW,Clareville
2108,-33.6009,151.29612,NSW,Great Mackerel Beach
2109,-33.7716,151.1138,NSW,Macquarie University
2110,-33.83725,151.15765,NSW,Hunters Hill
2111,-33.83582857142857,151.13151428571427,NSW,Henley
2112,-33.813633333333335,151.1033,NSW,Ryde
2113,-33.792899999999996,151.1256,NSW,Macquarie Centre
2114,-33.807159999999996,151.08026,NSW,Meadowbank
2115,-33.8148,151.0547,NSW,Ermington
2116,-33.8145,151.0375,NSW,Rydalmere
2117,-33.795725,151.03805,NSW,Dundas
2118,-33.777525,151.03742499999998,NSW,Carlingford
2119,-33.7519,151.0649,NSW,Beecroft
2120,-33.7273,151.07420000000002,NSW,Pennant Hills
2121,-33.76605,151.08715,NSW,Epping
2122,-33.784800000000004,151.09315,NSW,Marsfield
2123,-33.8167,151.0,NSW,Parramatta
2124,-33.8167,151.0,NSW,Parramatta
2125,-33.7457,151.0476,NSW,West Pennant Hills
2126,-33.722,151.0461,NSW,Cherrybrook
2127,-33.844525000000004,151.07274999999998,NSW,Sydney Olympic Park
2128,-33.8334,151.0473,NSW,Silverwater
2129,-33.7838,151.0564,NSW,Sydney Markets
2130,-33.8915,151.1382,NSW,Summer Hill
2131,-33.8883,151.1227,NSW,Ashfield
2132,-33.8833,151.1167,NSW,Croydon
2133,-33.8972,151.1032,NSW,Enfield South
2134,-33.8833,151.1,NSW,Burwood North
2135,-33.881,151.0799,NSW,Strathfield
2136,-33.8829,151.09606666666664,NSW,Strathfield South
2137,-33.84728,151.10586,NSW,Mortlake
2138,-33.83853333333334,151.08606666666665,NSW,Concord West
2139,-33.8657,151.1042,NSW,Concord Repatriation Hospital
2140,-33.86533333333333,151.08596666666668,NSW,Homebush
2141,-33.869975000000004,151.04425,NSW,Rookwood
2142,-33.829457142857144,151.01011428571428,NSW,Camellia
2143,-33.88963333333333,151.0237,NSW,Birrong
2144,-33.85,151.0333,NSW,Auburn
2145,-33.81078888888889,150.96126666666666,NSW,Wentworthville
2146,-33.786899999999996,150.95839999999998,NSW,Toongabbie East
2147,-33.765675,150.9341,NSW,Lalor Park
2148,-33.77657142857142,150.89887142857143,NSW,Prospect
2150,-33.820766666666664,151.00706666666667,NSW,Parramatta
2151,-33.782849999999996,151.00920000000002,NSW,North Parramatta
2152,-33.7833,150.9833,NSW,Northmead
2153,-33.758833333333335,150.976,NSW,Winston Hills
2154,-33.7333,151.0,NSW,Castle Hill
2155,-33.695675,150.9333,NSW,Rouse Hill
2156,-33.670966666666665,150.9842,NSW,Annangrove
2157,-33.550666666666665,151.0298,NSW,Glenorie
2158,-33.668800000000005,151.0237,NSW,Round Corner
2159,-33.6213,151.05545,NSW,Galston
2160,-33.833,150.9762,NSW,Merrylands
2161,-33.860675,150.9776,NSW,Guildford
2162,-33.88335,151.005,NSW,Chester Hill
2163,-33.8877,150.96793333333332,NSW,Lansdowne
2164,-33.850225,150.92785,NSW,Smithfield West
2165,-33.8668,150.944275,NSW,Fairfield West
2166,-33.892939999999996,150.93618,NSW,Canley Vale
2167,-33.9667,150.9,NSW,Glenfield
2168,-33.915025,150.8832125,NSW,Green Valley
2170,-33.924508333333335,150.920875,NSW,Casula
2171,-33.9220375,150.8489875,NSW,Hoxton Park
2172,-34.330466666666666,150.6072,NSW,Sandy Point
2173,-33.96885,150.9556,NSW,Holsworthy
2174,-33.9569,150.8613,NSW,Edmondson Park
2175,-33.8432,150.8489,NSW,Horsley Park
2176,-33.87238571428571,150.89025714285714,NSW,Bossley Park
2177,-33.892399999999995,150.8795,NSW,Bonnyrigg Heights
2178,-33.871766666666666,150.81316666666666,NSW,Kemps Creek
2179,-33.9486,150.80239999999998,NSW,Austral
2190,-33.90593333333333,151.0513,NSW,Mount Lewis
2191,-33.9035,151.0847,NSW,Belfield
2192,-33.919,151.0894,NSW,Belmore
2193,-33.906533333333336,151.1223,NSW,Hurlstone Park
2194,-33.9125,151.1028,NSW,Campsie
2195,-33.921949999999995,151.07164999999998,NSW,Wiley Park
2196,-33.93105,151.06215,NSW,Roselands
2197,-33.8986,150.9954,NSW,Bass Hill
2198,-33.9088,150.9885,NSW,Georges Hall
2199,-33.903499999999994,151.02115,NSW,Yagoona
2200,-33.920942857142855,151.02627142857142,NSW,Condell Park
2203,-33.9041,151.1394,NSW,Dulwich Hill
2204,-33.90586666666667,151.1531,NSW,Marrickville Metro
2205,-33.932633333333335,151.1475,NSW,Turrella
2206,-33.9393,151.10053333333335,NSW,Earlwood
2207,-33.94144,151.12194,NSW,Bexley South
2208,-33.9362,151.1052,NSW,Kingsway West
2209,-33.94725,151.0745,NSW,Beverly Hills
2210,-33.967575,151.049675,NSW,Peakhurst
2211,-33.962149999999994,151.0359,NSW,Padstow Heights
2212,-33.95563333333334,151.01663333333332,NSW,Revesby Heights
2213,-33.967000000000006,150.9924,NSW,Panania
2214,-33.9393,150.9815,NSW,Milperra
2216,-33.95185,151.14735000000002,NSW,Rockdale
2217,-33.97938333333333,151.13493333333335,NSW,Beverley Park
2218,-33.97185,151.1179,NSW,Allawah
2219,-33.99616666666667,151.13826666666668,NSW,Dolls Point
2220,-33.97466666666667,151.09323333333336,NSW,Hurstville Grove
2221,-33.9864,151.10438,NSW,Blakehurst
2222,-33.9667,151.0833,NSW,Penshurst
2223,-33.973349999999996,151.07765,NSW,Mortdale
2224,-34.01085,151.09834999999998,NSW,Kangaroo Point
2225,-34.0041,151.0759,NSW,Oyster Bay
2226,-34.00803333333334,151.05883333333333,NSW,Jannali
2227,-34.044250000000005,151.08665,NSW,Gymea Bay
2228,-34.0449,151.1012,NSW,Miranda
2229,-34.05433333333333,151.12161666666665,NSW,Taren Point
2230,-34.0608,151.14688333333334,NSW,Greenhills Beach
2231,-34.0109,151.2051,NSW,Kurnell
2232,-34.04521428571429,151.0660142857143,NSW,Audley
2233,-34.0749,151.01618,NSW,Waterfall
2234,-34.02498571428571,151.0117,NSW,Lucas Heights
2250,-33.39267352941176,151.27880294117648,NSW,Wyoming
2251,-33.38066666666666,151.48793333333333,NSW,Picketts Valley
2252,-33.344,151.382,NSW,Central Coast Mc
2256,-33.50408,151.2979,NSW,Horsfield Bay
2257,-33.514433333333336,151.35001666666668,NSW,Killcare Heights
2258,-33.339960000000005,151.38284000000002,NSW,Palmdale
2259,-33.14925238095238,151.49861904761906,NSW,Wybung
2260,-33.4304,151.44058,NSW,Terrigal
2261,-33.3481,151.4736133333333,NSW,Blue Bay
2262,-33.211422222222225,151.53922222222224,NSW,Colongra
2263,-33.25951428571428,151.53164285714288,NSW,Charmhaven
2264,-33.290414285714284,151.4320142857143,NSW,Yarrawonga Park
2265,-33.07145,151.43540000000002,NSW,Cooranbong
2267,-33.0718,151.5984,NSW,Wangi Wangi
2278,-32.9452,151.56673333333333,NSW,Barnsley
2280,-33.02545,151.6589625,NSW,Croudace Bay
2281,-33.110375,151.63538333333335,NSW,Blacksmiths
2282,-32.97466666666667,151.64626666666666,NSW,Warners Bay
2283,-33.022706666666664,151.58542,NSW,Buttaba
2284,-32.96528571428571,151.61547142857142,NSW,Teralba
2285,-32.93658571428572,151.64435714285713,NSW,Macquarie Hills
2286,-32.90206666666666,151.58326666666667,NSW,West Wallsend
2287,-33.007755555555555,151.60297777777777,NSW,Birmingham Gardens
2289,-32.94697142857143,151.70035714285717,NSW,Highfields
2290,-32.98292,151.6926,NSW,Charlestown
2291,-32.9445,151.746,NSW,The Junction
2292,-32.9178,151.73264999999998,NSW,Hamilton North
2293,-32.9152,151.75615,NSW,Maryville
2294,-32.915,151.7644,NSW,Carrington
2295,-32.886700000000005,151.79835,NSW,Fern Bay
2296,-32.9139,151.7474,NSW,Islington
2297,-32.9073,151.7509,NSW,Tighes Hill
2298,-32.90493333333333,151.72313333333332,NSW,Waratah
2299,-32.90853333333333,151.6988,NSW,Lambton
2300,-32.9319,151.77536,NSW,Newcastle
2302,-32.9245,151.7571,NSW,Newcastle West
2303,-32.925266666666666,151.74903333333333,NSW,Hamilton South
2304,-32.88897142857143,151.7352857142857,NSW,Kooragang
2305,-32.93423333333333,151.69333333333336,NSW,New Lambton
2306,-32.9928,151.6817,NSW,Windale
2307,-32.8788,151.691,NSW,Shortland
2308,-32.892,151.7053,NSW,Newcastle University
2309,-33.5386,151.2415,NSW,Dangar
2310,-32.5879,151.8955,NSW,Hunter Region Mc
2311,-32.35266363636364,151.5131,NSW,East Gresford
2312,-32.12805,152.37554999999998,NSW,Minimbah
2314,-32.5879,151.8955,NSW,Williamtown Raaf
2315,-32.728125,152.14962500000001,NSW,Fingal Bay
2316,-32.7737,152.07305,NSW,Taylors Beach
2317,-32.716499999999996,152.07459999999998,NSW,Soldiers Point
2318,-32.77375714285714,151.87545714285716,NSW,Medowie
2319,-32.736275,152.01637499999998,NSW,Tilligerry Creek
2320,-32.727763333333336,151.534,NSW,Mindaribba
2321,-32.70615,151.59916,NSW,Butterwick
2322,-32.812650000000005,151.66268,NSW,Hexham
2323,-32.88354666666667,151.24086,NSW,East Maitland
2324,-32.69177826086956,151.88047826086955,NSW,Limeburners Creek
2325,-32.98103703703704,151.24336666666667,NSW,Paxton
2326,-32.79711666666666,151.4389,NSW,Neath
2327,-32.82726666666667,151.48473333333334,NSW,Stanford Merthyr
2328,-32.45295,150.45855999999998,NSW,Denman
2329,-32.05525,150.0267,NSW,Cassilis
2330,-32.64400634920635,151.02510317460317,NSW,Ravensworth
2331,-32.5088,151.08785,NSW,Singleton Milpo
2333,-32.30995,150.7114214285714,NSW,Baerami Creek
2334,-32.6778,151.3892,NSW,Greta
2335,-33.04828,151.15893,NSW,Leconfield
2336,-32.13325,150.98765,NSW,Upper Rouchel
2337,-31.957061538461538,151.03826923076923,NSW,Stewarts Brook
2338,-31.771133333333335,150.89600000000002,NSW,Timor
2339,-31.665219999999998,150.67962,NSW,Warrah Creek
2340,-31.226245,150.937345,NSW,Loomberah
2341,-31.3491,150.6487,NSW,Werris Creek
2342,-31.2167,150.6583,NSW,Piallaway
2343,-31.516039999999997,150.38772666666668,NSW,Coomoo Coomoo
2344,-31.14795,150.7699,NSW,Duri
2345,-30.9127,150.81515000000002,NSW,Garthowen
2346,-30.730654545454545,150.65390909090908,NSW,Wongo Creek
2347,-30.614453846153847,150.48198461538462,NSW,Thirldene
2348,-31.191,150.7174,NSW,New England Mc
2350,-30.464411111111108,151.7941111111111,NSW,Hillgrove
2351,-30.85,151.0635,NSW,University Of New England
2352,-31.06485,151.0756,NSW,Limbri
2353,-31.0177,151.0706,NSW,Moonbi
2354,-31.043,151.52784444444444,NSW,Woolbrook
2355,-30.7439,151.10386666666668,NSW,Watsons Creek
2356,-30.6101,148.9675,NSW,Gwabegar
2357,-31.235818181818182,149.26469999999998,NSW,Coonabarabran
2358,-30.604245454545456,151.45618181818182,NSW,Gostwyck
2359,-30.706025,151.00732499999998,NSW,Bakers Creek
2360,-29.71831851851852,151.08916296296297,NSW,Wandera
2361,-29.125459999999997,151.13863999999998,NSW,Ashford
2365,-30.21153846153846,151.6204576923077,NSW,Oban
2369,-29.9196,151.2146,NSW,Tingha
2370,-29.732308000000003,151.823904,NSW,Dundee
2371,-29.37345,151.674175,NSW,Rocky Creek
2372,-29.115108333333335,151.9801625,NSW,Silent Grove
2379,-31.100275,149.90145,NSW,Goolhi
2380,-31.321163636363636,149.9221090909091,NSW,Coocooboonah
2381,-31.282819999999997,150.19102,NSW,Curlewis
2382,-30.740299999999998,150.06402500000002,NSW,Maules Creek
2386,-30.110633333333336,148.9671,NSW,Drildool
2387,-29.80845,148.91285,NSW,Rowena
2388,-30.47475,149.44475,NSW,Merah North
2390,-30.3590875,149.90569375,NSW,Jacks Creek
2395,-31.596366666666665,149.4814,NSW,Ropers Road
2396,-30.935,149.0095,NSW,Barwon
2397,-29.867,149.67726666666667,NSW,Millie
2398,-29.7333,149.8,NSW,Gurley
2399,-29.5088,150.16865,NSW,Biniguy
2400,-29.4627375,150.01395,NSW,Bullarah
2401,-29.5833,150.3331,NSW,Gravesend
2402,-29.45906666666667,150.6182,NSW,Coolatai
2403,-29.677639999999997,150.77444,NSW,Delungra
2404,-30.33556666666667,150.61707777777778,NSW,Bingara
2405,-28.8996,149.60854999999998,NSW,Boomi
2406,-28.9976,149.12144999999998,NSW,Weemelah
2408,-29.025366666666667,150.43676666666667,NSW,North Star
2409,-28.6048,150.3593,NSW,Boggabilla
2410,-28.90215,150.7801,NSW,Yetman
2411,-29.1331,150.3014,NSW,Croppa Creek
2415,-32.30874,151.90596,NSW,Monkerai
2420,-32.43441739130435,151.67720869565218,NSW,Fosterton
2421,-32.48345,151.4875125,NSW,Webbers Creek
2422,-31.93666739130435,151.87219130434784,NSW,Gloucester Tops
2423,-32.33249,152.279405,NSW,Upper Myall
2424,-31.818666666666665,152.08257777777777,NSW,Knorrit Flat
2425,-32.469166666666666,151.99845000000002,NSW,Allworth
2426,-31.812699999999996,152.58903333333333,NSW,Moto
2427,-31.85855,152.7153,NSW,Harrington
2428,-32.2762,152.49846666666667,NSW,Whoota
2429,-31.873765625,152.294878125,NSW,Bobin
2430,-31.8668925,152.53867499999998,NSW,Purfleet
2431,-30.89656666666667,153.0489,NSW,South West Rocks
2439,-31.646229999999996,152.68715,NSW,Kerewong
2440,-30.992437499999998,152.70700833333333,NSW,West Kempsey
2441,-31.038649999999997,152.81450454545455,NSW,Eungai Rail
2442,-31.1374,152.7419,NSW,Mid North Coast Msc
2443,-31.705663157894737,152.72383684210527,NSW,Diamond Head
2444,-31.6318,152.69534166666668,NSW,Riverside
2445,-31.5712,152.846875,NSW,Bonny Hills
2446,-31.422514634146342,152.58708048780485,NSW,Wauchope
2447,-30.684910526315786,152.70726315789474,NSW,Gumma
2448,-30.6102,153.007875,NSW,Hyland Park
2449,-30.631133333333334,152.77251111111113,NSW,South Arm
2450,-30.260965,152.98081,NSW,Upper Orara
2452,-30.355,153.08766666666668,NSW,Sawtell
2453,-30.26431428571429,152.6018285714286,NSW,Never Never
2454,-30.447726666666664,152.88916,NSW,Mylestom
2455,-30.497,153.0142,NSW,Urunga
2456,-30.078036363636365,153.1855090909091,NSW,Mullaway
2460,-29.66584945054945,152.80346263736263,NSW,Smiths Creek
2462,-29.725091666666668,153.15251666666668,NSW,Wooli
2463,-29.47565263157895,153.21976315789473,NSW,Maclean
2464,-29.478016666666665,153.34040000000002,NSW,Freeburn Island
2465,-29.4258,153.2418,NSW,Harwood
2466,-29.407,153.35143333333335,NSW,Woody Head
2469,-29.075147368421053,152.79565614035087,NSW,Haystack
2470,-28.851164285714283,152.97272857142858,NSW,Ellangowan
2471,-28.978490909090908,153.24942727272727,NSW,Codrington
2472,-29.08129090909091,153.3445181818182,NSW,Rileys Hill
2473,-29.1178,153.4307,NSW,Evans Head
2474,-28.58427391304348,152.9865652173913,NSW,Cawongla
2475,-28.544966666666667,152.48303333333334,NSW,Upper Tooloom
2476,-28.975966666666665,152.05010000000001,NSW,Koreelah
2477,-28.892525,153.43435625,NSW,Lynwood
2478,-28.853779999999997,153.53907999999998,NSW,Empire Vale
2479,-28.7141,153.5146909090909,NSW,Bangalow
2480,-28.752426470588233,153.28119264705882,NSW,Tucki Tucki
2481,-28.641033333333333,153.5689777777778,NSW,Hayters Hill
2482,-28.566423076923076,153.43893076923078,NSW,Upper Wilsons Creek
2483,-28.48135,153.50886428571428,NSW,Sleepy Hollow
2484,-28.365550000000002,153.34939642857145,NSW,Dum Dum
2485,-28.1815,153.5324,NSW,Tweed Heads West
2486,-28.220646153846154,153.48156153846156,NSW,Piggabeen
2487,-28.265675,153.5504625,NSW,Duranbah
2488,-28.33353333333333,153.55623333333332,NSW,Bogangar
2489,-28.380366666666664,153.56866666666667,NSW,Pottsville
2490,-28.26865,153.4673,NSW,North Tumbulgum
2500,-34.34160833333333,150.73200833333334,NSW,Wollongong
2502,-34.4855,150.881525,NSW,Primbee
2505,-34.4881,150.8956,NSW,Kemblawarra
2506,-34.4833,150.85,NSW,Berkeley
2508,-34.2026,150.9748111111111,NSW,Maddens Plains
2515,-34.28645,150.94505,NSW,Coledale
2516,-34.3383,150.9135,NSW,Bulli
2517,-34.35236666666667,150.90436666666668,NSW,Woonona
2518,-34.37761666666667,150.90545,NSW,Bellambi
2519,-34.351099999999995,150.9066,NSW,Balgownie
2520,-34.424,150.8934,NSW,Wollongong
2521,-34.5262,150.8534,NSW,South Coast Mc
2522,-34.5262,150.8534,NSW,University Of Wollongong
2525,-34.4356,150.8583,NSW,Figtree
2526,-34.445499999999996,150.82424285714288,NSW,Cordeaux
2527,-34.57855,150.7534125,NSW,Tullimbar
2528,-34.551433333333335,150.85681666666667,NSW,Warilla
2529,-34.578044444444444,150.84806666666665,NSW,Shell Cove
2530,-34.51844285714286,150.7166142857143,NSW,Penrose
2533,-34.65264444444445,150.82414444444444,NSW,Jerrara
2534,-34.7451625,150.7974375,NSW,Broughton Village
2535,-34.78104666666666,150.70360666666664,NSW,Coolangatta
2536,-35.68049642857143,150.179625,NSW,South Durras
2537,-35.923805882352944,150.09219411764707,NSW,Congo
2538,-35.2167625,150.128075,NSW,Mogood
2539,-35.269246153846154,150.48478076923078,NSW,Conjola
2540,-34.98106666666667,150.64811739130437,ACT,Wreck Bay
2541,-34.868655555555556,150.60674444444444,NSW,Nowra Dc
2545,-36.141933333333334,149.9059,NSW,Belowra
2546,-36.29601052631579,150.03124736842105,NSW,Wallaga Lake Heights
2548,-36.87876666666667,149.91785000000002,NSW,Bournda
2549,-36.93828888888889,149.85363333333333,NSW,Nethercote
2550,-36.550916981132076,149.74072264150945,NSW,Wog Wog
2551,-37.20245714285715,149.7482571428571,NSW,Boydtown
2555,-33.8907,150.7427,NSW,Badgerys Creek
2556,-33.9333,150.7333,NSW,Bringelly
2557,-34.005425,150.767925,NSW,Rossmore
2558,-34.02973333333333,150.808,NSW,Eschol Park
2559,-34.04865,150.80175,NSW,Claymore
2560,-34.08944736842105,150.81207894736843,NSW,Leumeah
2563,-34.1044,150.7507,NSW,Menangle Park
2564,-34.0044,150.89653333333334,NSW,Long Point
2565,-33.9919,150.86245,NSW,Ingleburn
2566,-34.0237,150.83175714285716,NSW,Minto Heights
2567,-34.041071428571435,150.75087142857143,NSW,Narellan Dc
2568,-34.1268,150.7387,NSW,Menangle
2569,-34.185,150.7145,NSW,Douglas Park
2570,-34.044745454545456,150.63107272727274,NSW,Glenmore
2571,-34.22546666666667,150.58527777777778,NSW,Balmoral Village
2572,-34.1849,150.55115,NSW,Thirlmere
2573,-34.2225,150.5947,NSW,Tahmoor
2574,-34.323875,150.62215,NSW,Pheasants Nest
2575,-34.41067368421053,150.43318421052632,NSW,Yerrinbool
2576,-34.5242,150.48811666666668,NSW,East Bowral
2577,-34.660510344827586,150.3091896551724,NSW,Paddys River
2578,-34.6566,150.2962,NSW,Bundanoon
2579,-34.64868571428571,150.27021428571427,NSW,Brayton
2580,-34.70711111111111,149.76614444444445,NSW,Carrick
2581,-34.763211764705886,149.30073529411766,NSW,Dalton
2582,-34.74755714285715,148.82530000000003,NSW,Mullion
2583,-34.32284705882353,149.33997647058823,NSW,Binda
2584,-34.6717,148.6348,NSW,Binalong
2585,-34.6,148.55,NSW,Galong
2586,-34.29468571428571,148.82835714285713,NSW,Boorowa
2587,-34.5500375,148.3367875,NSW,Wombat
2588,-34.5333,148.15,NSW,Wallendbeen
2590,-34.744566666666664,147.8791666666667,NSW,Bethungra
2594,-34.23392142857143,148.11263571428572,NSW,Burrangong
2600,-35.308233333333334,149.13708333333332,ACT,Deakin West
2601,-35.279925,149.120275,ACT,City
2602,-35.24881428571429,149.1410142857143,ACT,Downer
2603,-35.319775,149.12815,ACT,Red Hill
2604,-35.322,149.149,ACT,Narrabundah
2605,-35.333133333333336,149.09366666666665,ACT,Hughes
2606,-35.34883333333334,149.08935,ACT,O'Malley
2607,-35.368579999999994,149.09806,ACT,Isaacs
2608,-35.31,149.1933,ACT,Civic Square
2609,-35.31778,149.18164,ACT,Pialligo
2610,-35.2638,149.0351,ACT,Canberra Bc
2611,-35.349163157894736,148.98722631578948,ACT,Stirling
2612,-35.278625,149.138325,ACT,Campbell
2614,-35.2486875,149.0566875,ACT,Cook
2615,-35.2099923076923,149.03546923076922,ACT,Fraser
2616,-35.2167,149.0833,ACT,Belconnen
2617,-35.223666666666674,149.08522222222223,ACT,Mckellar
2618,-35.10105,149.074425,ACT,Hall
2619,-35.3844,149.2025,NSW,Jerrabomberra
2620,-35.39959666666666,149.22140333333334,ACT,Hume
2621,-35.3258,149.42972857142857,NSW,Bungendore
2622,-35.36210566037736,149.87566603773587,NSW,Bendoura
2623,-35.5911,149.4452,NSW,Captains Flat
2624,-36.46896666666667,148.41116666666667,NSW,Charlottes Pass
2625,-36.5052,148.3076,NSW,Thredbo Village
2626,-35.90833333333333,149.15833333333333,NSW,Bredbo
2627,-36.408210000000004,148.53923,NSW,Kosciuszko National Park
2628,-36.247992857142854,148.9033,NSW,Beloka
2629,-35.928549999999994,148.62705,NSW,Tantangara
2630,-36.05186666666667,149.23205384615386,NSW,Rhine Falls
2631,-36.62564166666667,149.307325,NSW,Holts Flat
2632,-36.92193888888889,149.24632222222223,NSW,Cathcart
2633,-36.97466666666667,148.93416666666667,NSW,Corrowong
2640,-36.02444117647059,147.01725294117645,NSW,Talmalmo
2641,-36.036233333333335,146.93503333333334,NSW,Lavington
2642,-35.753195,147.4398,NSW,Jagumba
2643,-35.982,146.6325,NSW,Howlong
2644,-35.766,147.35471,NSW,Little Billabong
2645,-35.29600000000001,146.3243,NSW,Urana
2646,-35.78874666666666,146.28972000000002,NSW,Daysdale
2647,-35.9854,146.0053,NSW,Mulwala
2648,-34.72581764705882,144.64914117647058,NSW,Mourquong
2649,-35.6167,148.0833,NSW,Laurel Hill
2650,-35.15172222222222,147.3748277777778,NSW,Tolland
2651,-35.15345,147.46665,NSW,Forest Hill
2652,-34.83069,146.940755,NSW,Boree Creek
2653,-35.78534545454546,148.01613636363638,NSW,Burra
2655,-35.264433333333336,147.01160000000002,NSW,The Rock
2656,-35.333725,146.7209,NSW,Osborne
2658,-35.5089,146.893225,NSW,Pleasant Hills
2659,-35.7595,146.90595000000002,NSW,Alma Park
2660,-35.65835,147.06925,NSW,Morven
2661,-35.1569,147.2844,NSW,Kapooka
2663,-34.90608,147.67202,NSW,Erin Vale
2665,-34.33694166666667,146.90605833333333,NSW,Mirrool
2666,-34.41354285714286,147.5788142857143,NSW,Grogan
2668,-34.1449,147.3873,NSW,Barmedman
2669,-33.710458333333335,146.60595,NSW,Rankins Springs
2671,-33.8303,147.17314285714286,NSW,West Wyalong
2672,-33.296975,146.44075,NSW,Lake Cargelligo
2675,-33.26684,145.50169999999997,NSW,Hillston
2678,-34.321799999999996,147.0109,NSW,Riverina Mc
2680,-34.28204375,146.005425,NSW,Beelbangera
2681,-34.2501,146.199,NSW,Yenda
2700,-34.834088888888886,146.38397777777777,NSW,Sandigo
2701,-34.688175,147.199625,NSW,Methul
2702,-34.7932,147.0391,NSW,Ganmain
2703,-34.5985,146.4095,NSW,Yanco
2705,-34.53347777777778,146.33917777777776,NSW,Corbie Hill
2706,-34.5694,145.9987,NSW,Darlington Point
2707,-34.8758,145.80075,NSW,Coleambally
2708,-34.6742,146.3985,NSW,Murray Region Mc
2710,-35.41842,145.055524,NSW,Pretty Pine
2711,-34.18844615384615,144.89037692307693,NSW,Oxley
2712,-35.77095,145.80214999999998,NSW,Berrigan
2713,-35.635325,145.50275,NSW,Myrtle Park
2714,-35.488825000000006,145.5145,NSW,Tuppal
2715,-34.783640000000005,144.4029,NSW,Hatfield
2716,-34.732420000000005,145.81638,NSW,Four Corners
2717,-34.0964,142.0661,NSW,Dareton
2720,-35.32658214285714,148.3234392857143,NSW,Bombowlee
2721,-33.99785,147.73545000000001,NSW,Quandialla
2722,-35.02735555555555,148.1098111111111,NSW,Gundagai
2725,-34.4989,147.882,NSW,Stockinbingal
2726,-34.8333,148.3333,NSW,Cooneys Creek
2727,-35.002,148.27826666666667,NSW,Coolac
2729,-35.131776470588235,147.95073529411764,NSW,Westwood
2730,-34.877525,148.4818,NSW,Green Hills
2731,-35.75944,144.92775999999998,NSW,Bunnaloo
2732,-35.25907142857143,145.52405714285715,NSW,Burraboi
2733,-35.136066666666665,145.37523333333334,NSW,Dhuragoon
2734,-35.13113,145.30248,NSW,Dilpurra
2735,-35.143699999999995,144.74255,NSW,Koraleigh
2736,-34.995400000000004,143.33704999999998,NSW,Goodnight
2737,-34.5744,142.7448,NSW,Euston
2738,-34.2331,142.41602,NSW,Paringi
2739,-34.4909,143.4461,NSW,Mourquong
2745,-33.845933333333335,150.6627,NSW,Mulgoa
2747,-33.74273636363636,150.7438909090909,NSW,Claremont Meadows
2748,-33.7823,150.7109,NSW,Orchard Hills
2749,-33.69795,150.69414999999998,NSW,Castlereagh
2750,-33.75725,150.6726,NSW,Penrith
2751,-33.75,150.7,NSW,Penrith
2752,-33.903549999999996,150.6071,NSW,Warragamba
2753,-33.60598888888889,150.6995111111111,NSW,Londonderry
2754,-33.54886666666667,150.72083333333333,NSW,The Slopes
2755,-33.598349999999996,150.7549,NSW,Richmond Raaf
2756,-33.514492857142855,150.84029285714286,NSW,Bligh Park
2757,-33.5533,150.6947,NSW,Kurmond
2758,-33.51278181818182,150.63248181818182,NSW,Blaxlands Ridge
2759,-33.80515,150.7912,NSW,St Clair
2760,-33.75711428571429,150.78754285714285,NSW,Colyton
2761,-33.73925,150.84529999999998,NSW,Plumpton
2762,-33.7167,150.8667,NSW,Schofields
2763,-33.73335,150.8986,NSW,Quakers Hill
2765,-33.6495125,150.8651875,NSW,Box Hill
2766,-33.786500000000004,150.84725,NSW,Eastern Creek
2767,-33.76153333333333,150.8737,NSW,Bungarribee
2768,-33.725500000000004,150.92636666666667,NSW,Parklea
2769,-33.7061,150.9088,NSW,The Ponds
2770,-33.74600769230769,150.81071538461538,NSW,Lethbridge Park
2773,-33.77045,150.6262,NSW,Lapstone
2774,-33.732475,150.611775,NSW,Mount Riverview
2775,-33.39529444444444,151.02831111111112,NSW,Wisemans Ferry
2776,-33.7,150.5333,NSW,Faulconbridge
2777,-33.691916666666664,150.60271666666668,NSW,Hawkesbury Heights
2778,-33.725,150.49165,NSW,Linden
2779,-33.7245,150.4584,NSW,Hazelbrook
2780,-33.7041,150.30677500000002,NSW,Katoomba
2782,-33.7103,150.3753,NSW,Wentworth Falls
2783,-33.7206,150.4297,NSW,Lawson
2784,-33.7292,150.4177,NSW,Bullaburra
2785,-33.68416666666667,150.26703333333333,NSW,Megalong Valley
2786,-33.51714,150.30838,NSW,Mount Irvine
2787,-33.729745,149.947855,NSW,Duckmaloi
2790,-33.42653658536585,150.10808780487804,NSW,Springvale
2791,-33.6,149.1333,NSW,Carcoar
2792,-33.61665,149.05,NSW,Mandurama
2793,-33.82826666666667,148.85296666666667,NSW,Darbys Falls
2794,-33.89604285714286,148.68148571428569,NSW,Noonbinna
2795,-33.4393252631579,149.6987694736842,NSW,Locksley
2797,-33.695,149.0405,NSW,Garland
2798,-33.44734,149.11842000000001,NSW,Forest Reefs
2799,-33.59511428571428,149.26474285714286,NSW,Neville
2800,-33.33786,149.0462942857143,NSW,Lucknow
2803,-34.143499999999996,148.47906666666668,NSW,Crowther
2804,-33.590725,148.61105,NSW,Nyrang Creek
2805,-33.6241,148.409,NSW,Gooloogong
2806,-33.4273,148.3714,NSW,Eugowra
2807,-34.0378,148.5561,NSW,Koorawatha
2808,-33.968,148.9482,NSW,Wyangala
2809,-34.0,148.4,NSW,Greenethorpe
2810,-33.8569875,147.9635625,NSW,Pinnacle
2818,-32.4084,148.80845,NSW,Terrabella
2820,-32.668064,149.012256,NSW,Medway
2821,-32.2312,148.2405,NSW,Narromine
2823,-32.04406,147.8713,NSW,Trangie
2824,-31.912646666666667,147.93014,NSW,Mount Foster
2825,-31.585454545454546,147.1958,NSW,Nyngan
2826,-31.8489,147.7191,NSW,Nevertire
2827,-31.659085714285712,148.62947142857143,NSW,Biddon
2828,-31.377575,148.489775,NSW,Armatree
2829,-30.87786923076923,148.5131153846154,NSW,Gilgooma
2830,-32.15855,148.60376250000002,NSW,Dubbo West
2831,-31.411084210526315,147.89868947368421,NSW,Wongarbon
2832,-30.038175,148.24575,NSW,Come By Chance
2833,-29.5438,148.5759,NSW,Collarenebri
2834,-29.2688,147.9442,NSW,Angledool
2835,-31.886554545454544,146.0232727272727,NSW,Cobar
2836,-31.20545,143.23275,NSW,White Cliffs
2838,-29.1131,147.4525,NSW,Goodooga
2839,-29.8733,146.82236666666668,NSW,Narran Lake
2840,-30.08463846153846,145.6674846153846,NSW,Enngonia
2842,-31.823500000000003,149.1187,NSW,Mendooran
2843,-31.8279,149.7156,NSW,Coolah
2844,-32.049925,149.41345,NSW,Leadville
2845,-33.411,150.0646,NSW,Wallerawang
2846,-33.113400000000006,150.06983333333335,NSW,Glen Davis
2847,-33.40035,149.9789,NSW,Pipers Flat
2848,-32.906225,149.9596,NSW,Clandulla
2849,-32.668982758620686,150.07685862068965,NSW,Upper Bylong
2850,-32.669482191780816,149.69128082191781,NSW,Mogo
2852,-32.34408461538462,149.42674615384615,NSW,Stubbo
2864,-33.321925,148.68545,NSW,Murga
2865,-33.1324,148.66993333333332,NSW,Gumble
2866,-33.0618,148.90732857142856,NSW,Amaroo
2867,-32.88392,148.70032,NSW,Baldry
2868,-32.7271,148.6074,NSW,Obley
2869,-32.6924,148.21786666666665,NSW,Trewilga
2870,-33.15464444444444,148.24282222222223,NSW,Goonumbla
2871,-33.46831538461539,147.78733846153847,NSW,Bedgerebong
2873,-32.296575,147.427975,NSW,Albert
2874,-32.6311,147.5661,NSW,Tullamore
2875,-32.94964,147.61102,NSW,Bruie Plains
2876,-33.1231,147.91043333333334,NSW,Bogan Gate
2877,-32.90473,146.73324,NSW,Bobadah
2878,-32.96675,144.509425,NSW,Ivanhoe
2879,-32.329049999999995,142.3597,NSW,Menindee
2880,-31.88325,145.7273,NSW,Broken Hill
2890,-32.309,148.084,NSW,Australian Defence Forces
2891,-32.5166,148.6724,NSW,International Mc
2898,-31.5526,159.0768,NSW,Lord Howe Island
2899,-32.309,148.084,NSW,Norfolk Island
2900,-35.41705,149.06574999999998,ACT,Greenway
2901,-35.4333,149.15,ACT,Tuggeranong Dc
2902,-35.3862,149.058,ACT,Kambah
2903,-35.402366666666666,149.0861,ACT,Erindale Centre
2904,-35.4104,149.1108,ACT,Fadden
2905,-35.43027142857143,149.10998571428573,ACT,Isabella Plains
2906,-35.46266666666667,149.0963,ACT,Conder
2911,-35.208650000000006,149.11835000000002,ACT,Mitchell
2912,-35.1867,149.1362,ACT,Gungahlin
2913,-35.1791125,149.10985,ACT,Casey
2914,-35.170183333333334,149.13595,ACT,Bonner
3000,-37.814,144.9633,VIC,Melbourne
3001,-37.814,144.9633,VIC,Melbourne
3002,-37.8167,144.9879,VIC,East Melbourne
3003,-37.8101,144.95,VIC,West Melbourne
3004,-37.814,144.9633,VIC,Melbourne
3005,-37.8152,144.9632,VIC,World Trade Centre
3006,-37.82405,144.95825000000002,VIC,South Wharf
3008,-37.8149,144.9505,VIC,Docklands
3010,-37.7958,144.9612,VIC,University Of Melbourne
3011,-37.80186666666666,144.89566666666667,VIC,Seddon
3012,-37.80012,144.86679999999998,VIC,Maidstone
3013,-37.8208,144.8854,VIC,Yarraville
3015,-37.83476666666667,144.8803,VIC,Newport
3016,-37.8561,144.89015,VIC,Williamstown North
3018,-37.8668,144.83769999999998,VIC,Seaholme
3019,-37.7867,144.8548,VIC,Braybrook
3020,-37.77722,144.82883999999999,VIC,Sunshine West
3021,-37.74055,144.793775,VIC,Albanvale
3022,-37.77615,144.8015,VIC,Deer Park East
3023,-37.75187142857143,144.76125714285715,VIC,Deer Park
3024,-37.84456666666667,144.5425,VIC,Wyndham Vale
3025,-37.8349,144.8474,VIC,Altona North
3026,-37.8205,144.8159,VIC,Laverton North
3027,-37.8619,144.7437,VIC,Williams Landing
3028,-37.87566666666667,144.77073333333334,VIC,Altona Meadows
3029,-37.855333333333334,144.70566666666664,VIC,Truganina
3030,-37.890233333333335,144.66060000000002,VIC,Point Cook
3031,-37.78575,144.93165,VIC,Flemington
3032,-37.780525,144.90882499999998,VIC,Maribyrnong
3033,-37.7326,144.865,VIC,Keilor East
3034,-37.7616,144.8626,VIC,Avondale Heights
3036,-37.706500000000005,144.81900000000002,VIC,Keilor North
3037,-37.7,144.76032,VIC,Hillside
3038,-37.70515,144.796075,VIC,Keilor Downs
3039,-37.7667,144.9167,VIC,Moonee Ponds
3040,-37.7613,144.8977,VIC,Essendon
3041,-37.70531999999999,144.4163,VIC,Strathmore
3042,-37.7284,144.878575,VIC,Keilor Park
3043,-37.69896666666667,144.8862,VIC,Gowanbrae
3044,-37.7365,144.93970000000002,VIC,Pascoe Vale
3045,-37.6743,144.8518,VIC,Melbourne Airport
3046,-37.70856666666666,144.93146666666667,VIC,Oak Park
3047,-37.6796,144.92176666666668,VIC,Dallas
3048,-37.653999999999996,144.9266,VIC,Coolaroo
3049,-37.6728,144.8869,VIC,Westmeadows
3050,-37.7981,144.9555,VIC,Royal Melbourne Hospital
3051,-37.7992,144.9558,VIC,North Melbourne
3052,-37.7718,144.9501,VIC,Parkville
3053,-37.800200000000004,144.9674,VIC,Carlton
3054,-37.78255,144.96665000000002,VIC,Princes Hill
3055,-37.761375,144.9486,VIC,Brunswick South
3056,-37.7667,144.9667,VIC,Brunswick
3057,-37.766400000000004,144.9613,VIC,Sumner
3058,-37.74986,144.95902,VIC,Coburg North
3059,-37.6333,144.8667,VIC,Greenvale
3060,-37.7167,144.9667,VIC,Fawkner
3061,-37.6833,144.95,VIC,Campbellfield
3062,-37.65,144.9333,VIC,Somerton
3063,-37.603049999999996,144.86079999999998,VIC,Yuroke
3064,-37.5658,144.94216,VIC,Kalkallo
3065,-37.7984,144.9783,VIC,Fitzroy
3066,-37.8,144.9833,VIC,Collingwood
3067,-37.8,145.0,VIC,Abbotsford
3068,-37.789500000000004,144.98815000000002,VIC,Fitzroy North
3070,-37.7667,145.0,VIC,Northcote South
3071,-37.75,145.0,VIC,Thornbury
3072,-37.7389,145.0172142857143,VIC,Preston
3073,-37.70835,145.00835,VIC,Reservoir
3074,-37.6833,145.0167,VIC,Thomastown
3075,-37.6667,145.0167,VIC,Lalor
3076,-37.64035,145.01965,VIC,Epping Dc
3078,-37.780100000000004,145.02425,VIC,Alphington
3079,-37.77373333333333,145.04623333333333,VIC,Ivanhoe
3081,-37.7473,145.0438,VIC,Heidelberg West
3082,-37.6667,145.0667,VIC,Mill Park
3083,-37.70616666666667,145.0474,VIC,Kingsbury
3084,-37.74794,145.0741,VIC,Viewbank
3085,-37.722766666666665,145.08166666666668,VIC,Yallambie
3086,-37.7173,145.0826,VIC,La Trobe University
3087,-37.70825000000001,145.084,VIC,Watsonia North
3088,-37.7027,145.12065,VIC,Saint Helena
3089,-37.6667,145.15,VIC,Diamond Creek
3090,-37.6667,145.1167,VIC,Plenty
3091,-37.6375,145.1349,VIC,Yarrambat
3093,-37.7333,145.1167,VIC,Lower Plenty
3094,-37.7167,145.1167,VIC,Montmorency
3095,-37.7111,145.1611,VIC,Research
3096,-37.6667,145.1833,VIC,Wattle Glen
3097,-37.6911,145.24993333333333,VIC,Bend Of Islands
3099,-37.60498,145.21215999999998,VIC,Strathewen
3101,-37.8064,145.0309,VIC,Kew
3102,-37.7976,145.0538,VIC,Kew East
3103,-37.81295,145.077425,VIC,Balwyn
3104,-37.7909,145.0939,VIC,Balwyn North
3105,-37.7667,145.0833,VIC,Bulleen
3106,-37.75,145.1167,VIC,Templestowe
3107,-37.7667,145.1167,VIC,Templestowe Lower
3108,-37.7883,145.1237,VIC,Doncaster
3109,-37.782199999999996,145.15883333333332,VIC,Tunstall Square Po
3110,-37.7576,145.2408,VIC,Nunawading Bc
3111,-37.7891,145.1749,VIC,Donvale
3113,-37.739599999999996,145.2245,VIC,Warrandyte
3114,-37.7769,145.2146,VIC,Park Orchards
3115,-37.7333,145.2667,VIC,Wonga Park
3116,-37.7386,145.3143,VIC,Chirnside Park
3121,-37.826928571428574,145.00501428571428,VIC,Burnley
3122,-37.8344,145.03969999999998,VIC,Glenferrie South
3123,-37.820750000000004,145.0482,VIC,Auburn
3124,-37.83056666666667,145.07013333333336,VIC,Camberwell North
3125,-37.84993333333333,145.10843333333332,VIC,Burwood
3126,-37.82475,145.07765,VIC,Canterbury
3127,-37.81823333333333,145.10156666666668,VIC,Surrey Hills
3128,-37.826980000000006,145.12384,VIC,Box Hill South
3129,-37.80263333333334,145.11926666666668,VIC,Box Hill North
3130,-37.822825,145.152925,VIC,Blackburn North
3131,-37.82706666666667,145.17676666666668,VIC,Forest Hill
3132,-37.81783333333333,145.19923333333335,VIC,Mitcham North
3133,-37.84685,145.1885,VIC,Vermont
3134,-37.790679999999995,145.24056000000002,VIC,Warrandyte South
3135,-37.823766666666664,145.24963333333332,VIC,Bedford Road
3136,-37.793025,145.27875,VIC,Croydon North
3137,-37.81015,145.31635,VIC,Kilsyth
3138,-37.7833,145.3,VIC,Mooroolbark
3139,-37.8017,145.52998,VIC,Hoddles Creek
3140,-37.75,145.35,VIC,Lilydale
3141,-37.8333,144.9833,VIC,South Yarra
3142,-37.8416,145.01605,VIC,Toorak
3143,-37.8527,145.0269,VIC,Armadale
3144,-37.85123333333333,145.03166666666667,VIC,Kooyong
3145,-37.87671666666667,145.05038333333331,VIC,Malvern East
3146,-37.8633,145.0608,VIC,Glen Iris
3147,-37.864599999999996,145.09244999999999,VIC,Ashwood
3148,-37.88465,145.1045,VIC,Jordanville
3149,-37.87563333333333,145.13866666666667,VIC,Syndal
3150,-37.88906666666667,145.17403333333334,VIC,Wheelers Hill
3151,-37.851749999999996,145.15015,VIC,Burwood Heights
3152,-37.866125,145.21975,VIC,Wantirna South
3153,-37.838049999999996,145.2825,VIC,Bayswater North
3154,-37.85,145.3167,VIC,The Basin
3155,-37.8667,145.2833,VIC,Boronia
3156,-37.91676,145.29256,VIC,Lysterfield South
3158,-37.9,145.3333,VIC,Upwey
3159,-37.9167,145.39165,VIC,Menzies Creek
3160,-37.91325,145.34449999999998,VIC,Tecoma
3161,-37.87295,145.02325000000002,VIC,Caulfield North
3162,-37.889833333333335,145.02476666666666,VIC,Caulfield South
3163,-37.886575,145.061475,VIC,Glen Huntly
3164,-37.9833,145.2,VIC,Dandenong South
3165,-37.9207,145.05984999999998,VIC,Coatesville
3166,-37.90145,145.099225,VIC,Oakleigh East
3167,-37.9,145.1,VIC,Oakleigh South
3168,-37.91115,145.13655,VIC,Notting Hill
3169,-37.9333,145.1167,VIC,Clarinda
3170,-37.9167,145.2,VIC,Waverley Gardens
3171,-37.947100000000006,145.1554,VIC,Sandown Village
3172,-37.9747,145.1421,VIC,Springvale South
3173,-37.9912,145.1739,VIC,Keysborough
3174,-37.95825000000001,145.17964999999998,VIC,Noble Park
3175,-37.98968333333334,145.19916666666666,VIC,Dandenong East
3176,-37.9636,145.1943,VIC,Scoresby Bc
3177,-37.99565,145.24355,VIC,Doveton
3178,-37.9333,145.2333,VIC,Rowville
3179,-37.9,145.2333,VIC,Scoresby
3180,-37.8898,145.2496,VIC,Knoxfield
3181,-37.85296666666667,144.99293333333333,VIC,Prahran
3182,-37.86216666666667,144.97716666666668,VIC,St Kilda West
3183,-37.86755,144.99895,VIC,St Kilda East
3184,-37.8815,144.9838,VIC,Elwood
3185,-37.889199999999995,145.0033,VIC,Elsternwick
3186,-37.9033,145.008475,VIC,Dendy
3187,-37.9345,145.017,VIC,North Road
3188,-37.9372,145.01610000000002,VIC,Hampton
3189,-37.9383,145.04206666666667,VIC,Moorabbin
3190,-37.95,145.05,VIC,Highett
3191,-37.95,145.0,VIC,Sandringham
3192,-37.965399999999995,145.05703333333335,VIC,Cheltenham
3193,-37.97495,145.026075,VIC,Beaumaris
3194,-37.982166666666664,145.07163333333332,VIC,Mentone
3195,-38.01006666666667,145.10403333333332,VIC,Braeside
3196,-38.04645,145.12062500000002,VIC,Chelsea Heights
3197,-38.0763,145.13830000000002,VIC,Carrum
3198,-38.102450000000005,145.13575,VIC,Belvedere Park
3199,-38.143316666666664,145.13875,VIC,Karingal Centre
3200,-38.1224,145.1518,VIC,Frankston North
3201,-38.0997,145.1725,VIC,Carrum Downs
3202,-37.956,145.0984,VIC,Heatherton
3204,-37.952,145.06755,VIC,Ormond
3205,-37.8334,144.9619,VIC,South Melbourne Dc
3206,-37.84225,144.981,VIC,Albert Park
3207,-37.8378,144.9303,VIC,Garden City
3211,-37.9667,144.5,VIC,Little River
3212,-38.0239,144.4062,VIC,Avalon
3213,-38.041675,144.29165,VIC,Anakie
3214,-38.0949,144.36806666666666,VIC,Norlane
3215,-38.112857142857145,144.34470000000002,VIC,Geelong North
3216,-38.20631111111111,144.32258888888887,VIC,Highton
3217,-38.23098,144.33290000000002,VIC,Deakin University
3218,-38.125166666666665,144.28088333333332,VIC,Fyansford
3219,-38.1734,144.38301666666666,VIC,Thomson
3220,-38.15335,144.349825,VIC,South Geelong
3221,-38.1998,144.22333333333333,VIC,Murgheboluc
3222,-38.19651666666667,144.54026666666667,VIC,Mannerim
3223,-38.140575,144.675925,VIC,St Leonards
3224,-38.18665,144.45075,VIC,Leopold
3225,-37.55715,144.39865,VIC,Point Lonsdale
3226,-38.2653,144.5147,VIC,Ocean Grove
3227,-38.2639,144.4552,VIC,Connewarre
3228,-38.345925,144.28617500000001,VIC,Bellbrae
3230,-38.4073,144.1859,VIC,Anglesea
3231,-38.428,144.45252,VIC,Aireys Inlet
3232,-38.5404,143.9764,VIC,Lorne
3233,-38.78026666666667,143.64028333333331,VIC,Apollo Bay
3234,-38.662216666666666,143.84656666666666,VIC,Grey River
3235,-38.411125,143.883325,VIC,Deans Marsh
3236,-38.575,143.7167,VIC,Mount Sabine
3237,-38.676175,143.4451125,VIC,Beech Forest
3238,-38.73355,143.429375,VIC,Johanna
3239,-38.579175,143.370825,VIC,Chapple Vale
3240,-38.25043333333333,144.13896666666668,VIC,Moriac
3241,-38.31538333333333,143.99996666666667,VIC,Wensleydale
3242,-38.3368,143.7847,VIC,Birregurra
3243,-38.40668,143.76668,VIC,Whoorel
3249,-38.361544,143.564404,VIC,Barongarook
3250,-38.3445,143.5841,VIC,Colac West
3251,-38.13544,143.6216,VIC,Cundare North
3254,-38.2833,143.5167,VIC,Cororooke
3260,-38.26007222222222,143.22190555555554,VIC,Kariah
3264,-38.2408,142.9212,VIC,Terang
3265,-38.24721176470588,142.83969411764707,VIC,Boorcan
3266,-38.37957,143.07031999999998,VIC,Jancourt East
3267,-38.4333,143.05,VIC,Scotts Creek
3268,-38.4987,142.9281222222222,VIC,Nirranda
3269,-38.651266666666665,143.0729,VIC,Princetown
3270,-38.6035,142.8733,VIC,Peterborough
3271,-37.8889,143.03886666666668,VIC,Dundonnell
3272,-37.9905,142.8125,VIC,Mortlake
3273,-38.0,142.7,VIC,Hexham
3274,-37.95,142.5167,VIC,Caramut
3275,-38.2938,142.4641,VIC,Mailer Flat
3276,-38.2,142.4333,VIC,Minjah
3277,-38.421600000000005,142.69021666666666,VIC,Mepunga East
3278,-38.2833,142.6333,VIC,Purnim
3279,-38.275000000000006,142.625,VIC,Wangoom
3280,-38.37425,142.469,VIC,Warrnambool
3281,-38.29165,142.491675,VIC,Grassmere
3282,-38.31255,142.392,VIC,Koroit
3283,-38.28519,142.35741000000002,VIC,Warrong
3284,-38.294399999999996,142.16899999999998,VIC,Port Fairy
3285,-38.26645,141.9370125,VIC,Yambuk
3286,-38.0113,141.961725,VIC,Warrabkook
3287,-38.05,142.33335,VIC,Minhamite
3289,-37.8751,142.29131999999998,VIC,Gazette
3292,-38.05,141.0167,VIC,Nelson
3293,-37.697633333333336,142.38943333333333,VIC,Glenthompson
3294,-37.57664285714286,142.3021,VIC,Moutajup
3300,-37.8185,141.98865,VIC,Hamilton
3301,-37.79022666666666,142.00687333333332,VIC,Yatchaw
3302,-37.833349999999996,141.72500000000002,VIC,Grassdale
3303,-37.99,141.74334000000002,VIC,Condah
3304,-38.02766666666667,141.5285,VIC,Heywood
3305,-38.28515,141.5322666666667,VIC,Mount Richmond
3309,-37.8,141.5333,VIC,Digby
3310,-37.7205,141.5483,VIC,Merino
3311,-37.5849,141.403,VIC,Casterton
3312,-37.49413157894737,141.51378947368423,VIC,Lindsay
3314,-37.34594,142.15637999999998,VIC,Mooralla
3315,-37.49429411764706,141.69092941176473,VIC,Nareen
3317,-37.1667,141.6,VIC,Harrow
3318,-37.02552857142857,141.32165714285716,VIC,Edenhope
3319,-36.905566666666665,141.1,VIC,Bringalbert
3321,-38.1012,144.05543333333333,VIC,Hesse
3322,-38.0333,143.6333,VIC,Cressy
3323,-38.016666666666666,143.50556666666668,VIC,Foxhow
3324,-37.884233333333334,143.35706666666667,VIC,Lismore
3325,-37.8715,143.195675,VIC,Derrinallum
3328,-38.0333,144.05,VIC,Teesdale
3329,-38.0167,143.9667,VIC,Shelford
3330,-37.9,143.7167,VIC,Rokewood
3331,-37.97138571428572,144.17704285714285,VIC,She Oaks
3332,-37.9657,144.1357,VIC,Lethbridge
3333,-37.88935,144.03035,VIC,Bamganie
3334,-37.78887999999999,144.03332,VIC,Bungal
3335,-37.71025,144.6804,VIC,Plumpton
3337,-37.65945,144.587775,VIC,Melton
3338,-37.7337,144.55995000000001,VIC,Brookfield
3340,-37.71230769230769,144.42387692307693,VIC,Staughton Vale
3341,-37.58186,144.33326,VIC,Korobeit
3342,-37.642633333333336,144.22933333333333,VIC,Colbrook
3345,-37.5823,144.1093,VIC,Gordon
3350,-37.56501304347826,143.85994347826087,VIC,Brown Hill
3351,-37.696696296296295,143.51510370370372,VIC,Chepstowe
3352,-37.557818032786884,143.8521344262295,VIC,Mount Rowan
3353,-37.5662,143.8496,VIC,Ballarat
3354,-37.5811,143.81325,VIC,Ballarat Mc
3355,-37.53365,143.81455,VIC,Wendouree Village
3356,-37.587199999999996,143.82709999999997,VIC,Delacombe
3357,-37.6502,143.8839,VIC,Buninyong
3360,-37.72728,143.52258,VIC,Happy Valley
3361,-37.723099999999995,143.32713333333334,VIC,Carranballac
3363,-37.378128571428576,143.81227142857142,VIC,Mount Beckworth
3364,-37.34916666666667,144.14790833333333,VIC,Kooroocheang
3370,-37.2649,143.856575,VIC,Clunes
3371,-37.34167,143.89608,VIC,Lillicur
3373,-37.42926923076923,143.39077692307694,VIC,Trawalla
3374,-37.15,142.85,VIC,Great Western
3375,-37.379175000000004,143.175,VIC,Buangor
3377,-37.26262857142857,142.98088095238094,VIC,Rocky Point
3378,-37.525,143.00835,VIC,Yalla-Y-Poora
3379,-37.671685714285715,142.68121428571428,VIC,Chatsworth
3380,-37.0563,142.7809,VIC,Stawell
3381,-37.06668571428571,142.85812142857142,VIC,Bellellen
3384,-36.99721,143.10279,VIC,Joel South
3385,-36.873325,142.623325,VIC,Lubeck
3387,-36.80417272727273,142.8958090909091,VIC,Morrl Morrl
3388,-36.5976,142.73239999999998,VIC,Banyena
3390,-36.560050000000004,142.44175,VIC,Kewell
3391,-36.0833,142.4167,VIC,Brim
3392,-36.380966666666666,142.6015,VIC,Sheep Hills
3393,-36.20426666666666,142.3909111111111,VIC,Crymelon
3395,-35.909475,142.4139,VIC,Kenmare
3396,-35.727,142.3663,VIC,Hopetoun
3400,-36.7113,142.1998,VIC,Horsham
3401,-36.7814696969697,142.10472424242425,VIC,Kalkee
3402,-36.7113,142.1998,VIC,Horsham
3407,-37.330020000000005,141.83664,VIC,Englefield
3409,-36.86000833333333,141.79576666666665,VIC,Natimuk
3412,-36.7179,141.4731,VIC,Goroke
3413,-36.766675,141.2458,VIC,Neuarpurr
3414,-36.3243,142.04430000000002,VIC,Antwerp
3415,-36.3667,141.35,VIC,Miram
3418,-36.27718,141.6553,VIC,Gerang Gerung
3419,-36.3786,141.2422,VIC,Kaniva
3420,-36.375,141.0583,VIC,Telopea Downs
3423,-36.1425,141.9882,VIC,Jeparit
3424,-35.8264,142.01596666666669,VIC,Yaapeet
3427,-37.626,144.7188,VIC,Diggers Rest
3428,-37.6384,144.8074,VIC,Bulla
3429,-37.575450000000004,144.75709999999998,VIC,Sunbury
3430,-37.4833,144.75,VIC,Clarkefield
3431,-37.4605,144.6796,VIC,Riddells Creek
3432,-37.4333,144.75,VIC,Bolinda
3433,-37.4167,144.75,VIC,Monegeetta
3434,-37.348600000000005,144.773375,VIC,Romsey
3435,-37.247,144.718,VIC,Lancefield
3437,-37.502633333333335,144.53876666666667,VIC,Bullengarook
3438,-37.4428,144.6184,VIC,New Gisborne
3440,-37.4196,144.5624,VIC,Macedon
3441,-37.4005,144.5841,VIC,Mount Macedon
3442,-37.31944444444444,144.5926777777778,VIC,Hesket
3444,-37.15377619047619,144.49341904761906,VIC,Barfold
3446,-37.1888,144.38345,VIC,Malmsbury
3447,-37.15,144.3667,VIC,Taradale
3448,-37.0611,144.37776666666667,VIC,Sutton Grange
3450,-37.0671,144.2168,VIC,Moonlight Flat
3451,-37.142625,144.1860875,VIC,Gower
3453,-36.952125,144.238225,VIC,Ravenswood
3458,-37.4106,144.3373222222222,VIC,Newbury
3460,-37.3411,144.1426,VIC,Daylesford
3461,-37.326814285714285,144.1641214285714,VIC,Korweinguboora
3462,-37.0909,144.08267999999998,VIC,Newstead
3463,-36.91728333333333,144.0068,VIC,Maldon
3464,-37.0481,143.8167,VIC,Carisbrook
3465,-37.0603,143.69839545454545,VIC,Havelock
3467,-37.0904,143.4736,VIC,Avoca
3468,-37.208349999999996,143.40834999999998,VIC,Mount Lonarch
3469,-37.1389,143.26112,VIC,Nowhere Creek
3472,-36.872063636363634,143.71725454545455,VIC,Bet Bet
3475,-36.72667142857143,143.51001428571428,VIC,Emu
3477,-36.665319999999994,143.20808333333335,VIC,Traynors Lagoon
3478,-36.82697,143.2969,VIC,Redbank
3480,-36.36680555555555,142.90579444444444,VIC,Carron
3482,-36.14168,142.85,VIC,Warmur
3483,-35.906310000000005,142.88759,VIC,Narraport
3485,-35.6786,142.7446,VIC,Woomelang
3487,-35.6167,142.5833,VIC,Lascelles
3488,-35.416666666666664,142.47220000000002,VIC,Turriff East
3489,-35.3333,142.4167,VIC,Tempy
3490,-35.0817,142.0152875,VIC,Mittyack
3491,-35.3833,142.2,VIC,Patchewollock
3494,-34.47885,142.30255,VIC,Nangiloc
3496,-34.33541111111111,141.69476666666665,VIC,Sunnycliffs
3498,-34.2354,142.171,VIC,Irymple
3500,-34.18216666666667,142.10553333333334,NSW,Paringi
3501,-34.46168,142.22046,VIC,Mildura Centre Plaza
3502,-34.1855,142.1625,VIC,Mildura
3505,-34.182399999999994,142.04555714285715,VIC,Wargan
3506,-35.2333,141.3667,VIC,Cowangie
3507,-35.1333,142.0333,VIC,Walpeup
3509,-35.168099999999995,141.75279999999998,VIC,Linga
3512,-35.2486,141.0945,VIC,Carina
3515,-36.8083,144.075,VIC,Shelbourne
3516,-36.63108333333333,144.00693333333334,VIC,Bridgewater On Loddon
3517,-36.48863636363637,143.86604545454546,VIC,Glenalbyn
3518,-36.42819375,143.62055625,VIC,Richmond Plains
3520,-36.353049999999996,143.7517,VIC,Korong Vale
3521,-37.1129,144.8523,VIC,Pyalong
3522,-37.05,144.8333,VIC,Tooborac
3523,-36.86268,144.73451,VIC,Costerfield
3525,-36.27251538461538,143.43524615384615,VIC,Wychitella North
3527,-36.04053846153846,143.30357692307692,VIC,Jeruk
3529,-35.8163,143.21955,VIC,Nullawil
3530,-35.73895,143.0623,VIC,Warne
3531,-35.59165,142.95835,VIC,Boigbeat
3533,-35.424191666666665,142.98719166666666,VIC,Sea Lake
3537,-36.025444444444446,143.74394444444445,VIC,Canary Island
3540,-35.8391,143.5109,VIC,Oakvale
3542,-35.71293333333333,143.37220000000002,VIC,Lalbert
3544,-35.69332857142857,143.4137,VIC,Gowanford
3546,-35.09841428571429,142.93155714285714,VIC,Chinkapook
3549,-34.970241666666666,142.81315833333332,VIC,Robinvale
3550,-36.73988666666666,144.31033333333335,VIC,Flora Hill
3551,-36.75355,144.24091388888888,VIC,Toolleen
3552,-36.7582,144.2802,VIC,Bendigo
3554,-36.731,144.2997,VIC,Bendigo Dc
3555,-37.09088,144.05648000000002,VIC,Golden Gully
3556,-36.674418181818176,144.22222727272728,VIC,Campbells Forest
3557,-36.66245,144.547625,VIC,Goornong
3558,-36.4723,144.5636,VIC,Elmore
3559,-36.533319999999996,144.7278,VIC,Avonmore
3561,-36.3302375,144.713125,VIC,Fairy Dell
3562,-36.0231,144.5533,VIC,Torrumbarry
3563,-36.2712,144.5373,VIC,Lockington
3564,-36.129129999999996,144.68,VIC,Roslynmead
3565,-36.2003,144.5363,VIC,Kotta
3566,-35.9561,144.3692,VIC,Gunbower
3567,-35.9039,144.3022,VIC,Horfield
3568,-35.81371818181819,144.17308181818183,VIC,Mead
3570,-36.523579999999995,144.2858,VIC,Kamarooka
3571,-36.3879,144.175125,VIC,Kamarooka North
3572,-36.3,144.344425,VIC,Tennyson
3573,-36.236675,144.238225,VIC,Pine Grove
3575,-36.1148,144.0728111111111,VIC,Gladfield
3576,-36.1259,143.9199,VIC,Durham Ox
3579,-35.71527931034483,143.85948620689652,VIC,Mystic Park
3580,-35.6318,144.1248,VIC,Koondrook
3581,-35.65,143.7833,VIC,Lake Charm
3583,-35.5057,143.6748,VIC,Tresco
3584,-35.463,143.6326,VIC,Tresco West
3585,-35.39263571428571,143.41530714285713,VIC,Kunat
3586,-35.30983333333333,143.5565,VIC,Murrawee
3588,-35.2911,143.4551,VIC,Woorinen South
3589,-35.27375,143.45675,VIC,Woorinen North
3590,-35.2238,143.4727,VIC,Beverford
3591,-35.2393,143.3195,VIC,Vinifera
3594,-35.1755,143.3774,VIC,Nyah
3595,-35.1854,143.3508,VIC,Nyah West
3596,-35.11236666666667,143.2849666666667,VIC,Miralie
3597,-34.91386666666667,143.22633333333332,VIC,Narrung
3599,-34.7213,143.1648,VIC,Boundary Bend
3607,-36.85,145.1667,VIC,Tabilk
3608,-36.774074999999996,145.095775,VIC,Kirwans Bridge
3610,-36.59604,145.24928,VIC,Murchison North
3612,-36.611760000000004,144.96538,VIC,Wanalta
3614,-36.46665,145.31664999999998,VIC,Toolamba
3616,-36.4455,145.1411125,VIC,Waranga
3617,-36.4167,145.1833,VIC,Byrneside
3618,-36.3724,145.1322,VIC,Merrigum
3619,-36.3134,145.0504,VIC,Kyabram
3620,-36.263083333333334,145.09001666666666,VIC,St Germains
3621,-36.220075,144.993775,VIC,Kyvalley
3622,-36.23535,144.8203,VIC,Koyuga
3623,-36.456966666666666,144.9497,VIC,Stanhope
3624,-36.3999,144.9496,VIC,Girgarre
3629,-36.33664,145.28302000000002,VIC,Mooroopna North
3630,-36.45104285714286,145.5552285714286,VIC,Shepparton
3631,-36.44155333333333,145.48416,VIC,Kialla East
3632,-36.3805,145.3987,VIC,Shepparton
3633,-36.3,145.4333,VIC,Congupna
3634,-36.227025,145.48827500000002,VIC,Invergordon South
3635,-36.1468,145.33693333333335,VIC,Wunghnu
3636,-36.128975,145.509925,VIC,Naring
3637,-36.0154,145.32505,VIC,Yalca
3638,-36.046166666666664,145.18483333333333,VIC,Nathalia
3639,-36.0329,145.02155,VIC,Barmah
3640,-36.0133,145.4695,VIC,Katunga
3641,-35.887725,145.43040000000002,VIC,Bearii
3643,-35.9207,145.6407,VIC,Cobram
3644,-35.949400000000004,145.65529999999998,NSW,Barooga
3646,-36.28704285714286,145.71222857142857,VIC,Nalinga
3647,-36.3957,145.7047,VIC,Dookie College
3649,-36.0759,145.6872,VIC,Katamatite East
3658,-37.263711111111114,145.14736666666667,VIC,Waterford Park
3659,-37.0937,145.1,VIC,Tallarook
3660,-37.06049,145.2132,VIC,Northwood
3661,-37.0266,145.1392,VIC,Seymour
3662,-36.97765,145.0464,VIC,Puckapunyal Milpo
3663,-36.9333,145.1833,VIC,Mangalore
3664,-36.9009,145.2337,VIC,Upton Hill
3665,-36.816649999999996,145.375,VIC,Longwood
3666,-36.779011764705885,145.5416294117647,VIC,Miepoll
3669,-36.65933636363636,145.90137272727273,VIC,Earlston
3670,-36.6333,145.8667,VIC,Tarnook
3671,-36.5511,145.9843,VIC,Benalla
3672,-36.5511,145.9843,VIC,Benalla
3673,-36.64554375,146.0698875,VIC,Goomalibee
3675,-36.46049,146.20574,VIC,Boweya
3676,-36.3585,146.3206,VIC,Wangaratta
3677,-36.3621,146.31373333333335,VIC,Yarrunga
3678,-36.437514285714286,146.38883142857142,VIC,Oxley Flats
3682,-36.161625,146.44795,VIC,Norong
3683,-36.14406666666667,146.57336666666666,VIC,Chiltern Valley
3685,-36.0425625,146.4816375,VIC,Prentice North
3687,-36.0118,146.3971,VIC,Wahgunyah
3688,-36.122,146.60845,VIC,Indigo Valley
3689,-36.1218,146.8881,VIC,Wodonga
3690,-36.11443333333333,146.85940000000002,VIC,Wodonga
3691,-36.2835972972973,147.06377297297297,NSW,Lake Hume Village
3694,-36.1454,146.9188,VIC,Bandiana Milpo
3695,-36.283,147.095325,VIC,Huon
3697,-36.6895,147.1421,VIC,Tawonga
3698,-36.7359,147.1521,VIC,Tawonga South
3699,-36.8017,147.22502500000002,VIC,Mount Beauty
3700,-36.2004,147.26456000000002,VIC,Georges Creek
3701,-36.3784,147.33957777777778,VIC,Tallandoon
3704,-36.15,147.5,VIC,Koetong
3705,-36.2556,147.738,VIC,Nariel Valley
3707,-36.307500000000005,147.9938111111111,NSW,Bringenbrong
3708,-36.05,147.9333,VIC,Tintaldra
3709,-36.02222,147.64442,VIC,Walwa
3711,-37.4167,145.7167,VIC,Buxton
3712,-37.2559,145.79705,VIC,Thornton
3713,-37.2324,145.9126,VIC,Eildon
3714,-37.2041,145.67409,VIC,Alexandra
3715,-36.992266666666666,145.77583333333334,VIC,Merton
3717,-37.296225,145.424025,VIC,Flowerdale
3718,-37.1667,145.5333,VIC,Molesworth
3719,-37.041675,145.612525,VIC,Yarck
3720,-37.0167,145.8667,VIC,Bonnie Doon
3722,-37.0541,146.21790000000001,VIC,Barwite
3723,-37.24804,146.17744000000002,VIC,Howes Creek
3724,-37.052,146.0885,VIC,Mansfield
3725,-36.38334,145.82918,VIC,Goorambat
3726,-36.316675,146.005575,VIC,Bungeet
3727,-36.25002,145.91667999999999,VIC,Yundool
3728,-36.1554,145.955475,VIC,Tungamah
3730,-36.05874,146.00421999999998,VIC,Burramine
3732,-36.664,146.34755,VIC,Moyhu
3733,-36.7833,146.4167,VIC,Whitfield
3735,-36.542649999999995,146.588325,VIC,Whorouly South
3736,-36.561,146.7237,VIC,Myrtleford
3737,-36.61689285714285,146.73540714285716,VIC,Buffalo River
3738,-36.5874,146.7593,VIC,Ovens
3739,-36.6352,146.8596,VIC,Eurobin
3740,-36.78743333333333,146.87676666666667,VIC,Mount Buffalo
3741,-36.858357142857145,147.0535285714286,VIC,Smoko
3744,-36.7833,146.9833,VIC,Wandiligong
3746,-36.3,146.5167,VIC,Eldorado
3747,-36.385000000000005,146.71714,VIC,Wooragee
3749,-36.3652,146.8448,VIC,Bruarong
3750,-37.5833,145.0333,VIC,Wollert
3751,-37.55,145.0333,VIC,Woodstock
3752,-37.65,145.1,VIC,South Morang
3753,-37.4833,144.9833,VIC,Beveridge
3754,-37.600350000000006,145.12279999999998,VIC,Mernda
3755,-37.5667,145.1,VIC,Yan Yean
3756,-37.42554,144.96782000000002,VIC,Hidden Valley
3757,-37.4908,145.19750000000002,VIC,Kinglake Central
3758,-37.3719,145.0321,VIC,Wandong
3759,-37.6408,145.2399,VIC,Panton Hill
3760,-37.6202,145.2603,VIC,Smiths Gully
3761,-37.5782,145.3074,VIC,St Andrews
3762,-37.35,144.9667,VIC,Bylands
3763,-37.5329,145.3396,VIC,Kinglake
3764,-37.4658125,145.06717500000002,VIC,Tantaraboo
3765,-37.8167,145.35,VIC,Montrose
3766,-37.8167,145.3667,VIC,Kalorama
3767,-37.8333,145.3667,VIC,Mount Dandenong
3770,-37.7194,145.39823333333334,VIC,Coldstream
3775,-37.62824,145.38816,VIC,Dixons Creek
3777,-37.61561428571429,145.49542857142856,VIC,Healesville
3778,-37.58195,145.6445,VIC,Narbethong
3779,-37.5343,145.81935,VIC,Cambarville
3781,-37.92893333333333,145.50903333333335,VIC,Mount Burnett
3782,-37.9204,145.4519,VIC,Avonsleigh
3783,-37.9532,145.5554,VIC,Gembrook
3785,-37.9,145.3333,VIC,Tremont
3786,-37.8833,145.3333,VIC,Ferny Creek
3787,-37.8667,145.35,VIC,Sassafras Gully
3788,-37.85,145.3667,VIC,Olinda
3789,-37.8833,145.35,VIC,Sherbrooke
3791,-37.8833,145.3667,VIC,Kallista
3792,-37.9,145.3833,VIC,The Patch
3793,-37.8833,145.4,VIC,Monbulk
3795,-37.8167,145.4167,VIC,Silvan
3796,-37.7833,145.3833,VIC,Mount Evelyn
3797,-37.832139999999995,145.68310000000002,VIC,Gladysdale
3799,-37.75201428571428,145.7172285714286,VIC,Big Pats Creek
3800,-37.9106,145.1348,VIC,Monash University
3802,-37.977,145.2587,VIC,Endeavour Hills
3803,-38.0167,145.2667,VIC,Hallam
3804,-37.973600000000005,145.3398,VIC,Narre Warren North
3805,-38.03443333333333,145.29973333333336,VIC,Narre Warren
3806,-38.01665,145.35,VIC,Harkaway
3807,-38.03305,145.3769,VIC,Guys Hill
3808,-37.9871,145.44055,VIC,Dewhurst
3809,-38.07275,145.4058,VIC,Officer
3810,-38.088375,145.4852,VIC,Rythdale
3812,-38.04506666666666,145.57719999999998,VIC,Maryknoll
3813,-38.07505,145.62065,VIC,Tynong
3814,-38.101625,145.65625,VIC,Cora Lynn
3815,-38.077825000000004,145.713325,VIC,Tonimbuk
3816,-38.10735,145.76297499999998,VIC,Labertouche
3818,-38.1616,145.83425,VIC,Drouin West
3820,-38.1462,145.9406,VIC,Warragul
3821,-38.14118421052632,145.94873684210526,VIC,Brandy Creek
3822,-38.21836666666667,145.99066666666667,VIC,Gainsborough
3823,-38.23596666666666,146.04706666666667,VIC,Yarragon
3824,-38.2514,146.16678333333334,VIC,Trafalgar South
3825,-38.053196551724135,146.18511724137932,VIC,Yallourn
3831,-37.988933333333335,145.96816666666666,VIC,Neerim East
3832,-37.931466666666665,145.9556,VIC,Neerim Junction
3833,-37.87246363636364,146.10216363636366,VIC,Toorongo
3835,-38.2833,146.1833,VIC,Thorpdale
3840,-38.31252222222222,146.42635555555555,VIC,Hazelwood
3841,-38.2458,146.6306,VIC,Gippsland Mc
3842,-38.3078,146.4137,VIC,Churchill
3844,-38.30078235294118,146.62417647058822,VIC,Mount Tassie
3847,-38.201119999999996,146.80548,VIC,Rosedale
3850,-38.11123333333333,147.05403333333334,VIC,Wurruk
3851,-38.16629259259259,147.16483333333332,VIC,Fulham
3852,-38.10366666666666,147.13213333333334,VIC,East Sale
3853,-38.111,147.068,VIC,Sale
3854,-38.13333333333333,146.5417,VIC,Glengarry
3856,-38.05,146.6167,VIC,Toongabbie
3857,-38.0167,146.6833,VIC,Cowwarr
3858,-37.93068,146.743195,VIC,Dawson
3859,-37.9264,146.8749,VIC,Newry
3860,-37.8985,146.97031333333334,VIC,Riverslea
3862,-37.80519411764706,147.2017882352941,VIC,Llowalong
3864,-37.825,147.33335,VIC,Glenaladale
3865,-37.8005,147.4598,VIC,Lindenow
3869,-38.368599999999994,146.3801,VIC,Yinnar
3870,-38.41534,146.2973,VIC,Budgeree
3871,-38.414075,146.179675,VIC,Mirboo North
3873,-38.2833,146.7,VIC,Gormandale
3874,-38.45358,146.8042,VIC,Woodside
3875,-37.711485294117644,147.41885,VIC,Bairnsdale
3878,-37.9,147.6833,VIC,Eagle Point
3880,-37.9178,147.72637500000002,VIC,Paynesville
3882,-37.8167,147.7333,VIC,Nicholson
3885,-37.40562941176471,148.10434705882355,VIC,Wulgulmerang
3886,-37.7333,148.45,VIC,Newmerella
3887,-37.75196666666667,148.112,VIC,Nowa Nowa
3888,-37.519025,148.545815,VIC,Tostaree
3889,-37.56832857142857,148.88864285714286,VIC,Cabbage Tree Creek
3890,-37.49831428571429,149.14272857142856,VIC,Buldah
3891,-37.475,149.6333,VIC,Wangarabell
3892,-37.559,149.7541,VIC,Mallacoota
3893,-37.46666666666667,147.79166666666666,VIC,Double Bridges
3895,-37.3611,147.827775,VIC,Ensay
3896,-37.22082,147.725,VIC,Swifts Creek
3898,-37.020408333333336,147.499175,VIC,Hinnomunjie
3900,-36.95,147.7167,VIC,Benambra
3902,-37.80835,147.81665,VIC,Johnsonville
3903,-37.8333,147.8667,VIC,Swan Reach
3904,-37.8915,147.853,VIC,Metung
3909,-37.8737,147.96033749999998,VIC,Lakes Entrance
3910,-38.1667,145.1667,VIC,Langwarrin
3911,-38.19935,145.16535,VIC,Langwarrin South
3912,-38.20985,145.20080000000002,VIC,Somerville
3913,-38.25,145.1833,VIC,Tyabb
3915,-38.29935,145.14,VIC,Tuerong
3916,-38.4082,145.06653333333335,VIC,Shoreham
3918,-38.3333,145.1667,VIC,Bittern
3919,-38.35,145.2,VIC,Crib Point
3920,-38.3649,145.2004,VIC,Hmas Cerberus
3921,-38.3647,145.31823333333332,VIC,French Island
3922,-38.45636666666667,145.07853333333333,VIC,Sunset Strip
3923,-38.4642,145.2995,VIC,Rhyll
3925,-38.525375,145.357075,VIC,Churchill Island
3926,-38.378875,145.109825,VIC,Merricks North
3927,-38.4,145.1667,VIC,Somers
3928,-38.3973,144.9724,VIC,Main Ridge
3929,-38.4739,145.019,VIC,Flinders
3930,-38.1888,145.08795,VIC,Mount Eliza
3931,-38.2179,145.0388,VIC,Mornington
3933,-38.2167,145.1167,VIC,Moorooduc
3934,-38.2667,145.0167,VIC,Mount Martha
3936,-38.33743333333333,144.97490000000002,VIC,Dromana
3937,-38.36665,145.02499999999998,VIC,Red Hill
3938,-38.3497,144.9281,VIC,Mccrae
3939,-38.41166,144.88502,VIC,Boneo
3940,-38.3644,144.8775,VIC,Rosebud West
3941,-38.38616666666667,144.83043333333333,VIC,Rye
3942,-38.3613,144.7795,VIC,Blairgowrie
3943,-38.3396,144.7413,VIC,Sorrento
3944,-38.3167,144.7167,VIC,Portsea
3945,-38.396425,145.6812,VIC,Krowera
3946,-38.4167,145.7667,VIC,Bena
3950,-38.41972,145.84802,VIC,Strzelecki
3951,-38.45,145.792875,VIC,Arawata
3953,-38.4236,146.00272666666666,VIC,Ruby
3954,-38.55,145.95,VIC,Koonwarra
3956,-38.648270000000004,145.98368,VIC,Venus Bay
3957,-38.5833,146.0333,VIC,Stony Creek
3958,-38.65,146.0333,VIC,Buffalo
3959,-38.75763333333333,146.09213333333335,VIC,Sandy Point
3960,-38.58460769230769,146.16657692307692,VIC,Gunyah
3962,-38.6321,146.37290000000002,VIC,Woorarra East
3964,-38.6833,146.2667,VIC,Port Franklin
3965,-38.6992,146.4531,VIC,Port Welshpool
3966,-38.627766666666666,146.4222,VIC,Binginwarri
3967,-38.6333,146.5,VIC,Hedley
3971,-38.543757142857146,146.6121380952381,VIC,Gelliondale
3975,-38.052949999999996,145.25310000000002,VIC,Lyndhurst
3976,-38.0333,145.25,VIC,Hampton Park
3977,-38.129200000000004,145.27394999999999,VIC,Botanic Ridge
3978,-38.13333333333333,145.3611,VIC,Clyde North
3979,-38.472233333333335,145.62776666666664,VIC,Glen Alvie
3980,-38.2181,145.3437,VIC,Blind Bight
3981,-38.202285714285715,145.57011428571428,VIC,Koo Wee Rup North
3984,-38.3507,145.5163923076923,VIC,The Gurdies
3987,-38.3336,145.6725,VIC,Nyora
3988,-38.302375,145.81595000000002,VIC,Poowong
3990,-38.45,145.5333,VIC,Glen Forbes
3991,-38.4833,145.45,VIC,Bass
3992,-38.533325,145.583325,VIC,Ryanston
3995,-38.5752,145.566475,VIC,Wattle Bank
3996,-38.62995,145.7613,VIC,Pound Creek
4000,-27.463216666666668,153.02635,QLD,Brisbane City
4001,-27.491975,153.01954999999998,QLD,Brisbane
4002,-27.454,153.0426,QLD,City East
4003,-27.454,153.0426,QLD,George Street
4004,-27.4614,153.0231,QLD,Spring Hill
4005,-27.4613,153.0485,QLD,New Farm
4006,-27.44714,153.03136,QLD,Newstead
4007,-27.4374,153.06253333333333,QLD,Hamilton
4008,-27.41135,153.11535,QLD,Pinkenba
4009,-27.43195,153.08695,QLD,Eagle Farm BC
4010,-27.4301,153.0379,QLD,Albion DC
4011,-27.418300000000002,153.06425000000002,QLD,Clayfield
4012,-27.400825,153.055425,QLD,Nundah
4013,-27.4,153.0667,QLD,Northgate
4014,-27.372933333333332,153.08128333333335,QLD,Nudgee Beach
4017,-27.319175,153.0612,QLD,Brighton
4018,-27.34115,153.0368,QLD,Taigum
4019,-27.25153333333333,153.09306666666666,QLD,Woody Point
4020,-27.21305,153.10275000000001,QLD,Newport
4021,-27.2259,153.0835,QLD,Kippa-Ring
4022,-27.2143,153.0468,QLD,Rothwell
4025,-27.153160000000003,153.40044,QLD,Tangalooma
4029,-27.1962,153.2931,QLD,Royal Brisbane Hospital
4030,-27.42713333333333,153.03476666666666,QLD,Wooloowin
4031,-27.41095,153.0276,QLD,Kedron
4032,-27.384475,153.026925,QLD,Chermside West
4034,-27.359159999999996,153.03846,QLD,Carseldine
4035,-27.3515,152.98250000000002,QLD,Albany Creek
4036,-27.3211,153.0086,QLD,Bald Hills
4037,-27.3392,152.9599,QLD,Eatons Hill
4051,-27.426416666666668,153.00166666666667,QLD,Enoggera
4053,-27.4014125,152.9866375,QLD,Everton Hills
4054,-27.405949999999997,152.9525,QLD,Arana Hills
4055,-27.39624,152.93304,QLD,Ferny Grove
4059,-27.450525,153.007375,QLD,Red Hill
4060,-27.4445,152.99013333333332,QLD,Ashgrove
4061,-27.4419,152.9386,QLD,The Gap
4064,-27.4649,152.9991,QLD,Milton
4065,-27.461,152.9792,QLD,Bardon
4066,-27.48132,152.98502000000002,QLD,Toowong
4067,-27.4925,152.9798,QLD,St Lucia
4068,-27.5023,152.976325,QLD,Chelmer
4069,-27.50844,152.91848,QLD,Upper Brookfield
4070,-27.560166666666664,152.87046666666666,QLD,Anstead
4072,-27.4978,153.0135,QLD,University Of Queensland
4073,-27.54755,152.95395000000002,QLD,Seventeen Mile Rocks
4074,-27.55205,152.929125,QLD,Sumner
4075,-27.53546,152.98172,QLD,Sherwood
4076,-27.575000000000003,152.95,QLD,Darra
4077,-27.59936666666667,152.9771,QLD,Inala Heights
4078,-27.620449999999998,152.95635,QLD,Ellen Grove
4101,-27.48415,153.013575,QLD,South Brisbane
4102,-27.501800000000003,153.03076666666666,QLD,Woolloongabba
4103,-27.509366666666665,153.02863333333335,QLD,Fairfield Gardens
4104,-27.5157,153.0164,QLD,Yeronga
4105,-27.529733333333336,153.01786666666666,QLD,Tennyson
4106,-27.5444,153.00279999999998,QLD,Brisbane Market
4107,-27.5514,153.0325,QLD,Salisbury
4108,-27.550633333333334,153.02766666666665,QLD,Archerfield BC
4109,-27.579680000000003,153.05722,QLD,Macgregor
4110,-27.615385714285715,153.0074857142857,QLD,Willawong
4111,-27.5589,153.0623,QLD,Nathan
4112,-27.6068,153.0937,QLD,Kuraby
4113,-27.59045,153.0885,QLD,Eight Mile Plains
4114,-27.647524999999998,153.108775,QLD,Logan City Dc
4115,-27.6281,153.03109999999998,QLD,Algester
4116,-27.631033333333335,153.0562,QLD,Stretton
4117,-27.639200000000002,153.08495,QLD,Berrinba
4118,-27.668240000000004,153.03314,QLD,Forestdale
4119,-27.6089,153.1113,QLD,Underwood
4120,-27.507649999999998,153.0486,QLD,Greenslopes
4121,-27.52976,153.05108,QLD,Holland Park West
4122,-27.545075,153.0908375,QLD,Upper Mount Gravatt
4123,-27.58095,153.1283,QLD,Rochedale
4124,-27.7243,152.927,QLD,New Beith
4125,-27.730033333333335,153.03256666666667,QLD,Park Ridge South
4127,-27.623025,153.142525,QLD,Springwood
4128,-27.66065,153.17385000000002,QLD,Shailer Park
4129,-27.7,153.2,QLD,Loganholme
4130,-27.674999999999997,153.23335,QLD,Cornubia
4131,-27.66535,153.139,QLD,Loganlea
4132,-27.680500000000002,153.09085,QLD,Marsden
4133,-27.7157,153.1127,QLD,Waterford West
4151,-27.4932,153.0583,QLD,Coorparoo DC
4152,-27.503425,153.090325,QLD,Carindale
4153,-27.5,153.1167,QLD,Belmont
4154,-27.487666666666666,153.1628,QLD,Ransome
4155,-27.514,153.1491,QLD,Chandler
4156,-27.54965,153.1338,QLD,Mackenzie
4157,-27.55242,153.19336,QLD,Sheldon
4158,-27.4878,153.1982,QLD,Thorneside
4159,-27.4833,153.2167,QLD,Birkdale
4160,-27.5,153.25,QLD,Wellington Point
4161,-27.5322,153.2289,QLD,Alexandra Hills
4163,-27.530050000000003,153.26594999999998,QLD,Cleveland
4164,-27.5575,153.2648,QLD,Thornlands
4165,-27.609475,153.281925,QLD,Mount Cotton
4169,-27.478900000000003,153.04035,QLD,East Brisbane
4170,-27.475575,153.076275,QLD,Norman Park
4171,-27.4576,153.06333333333333,QLD,Balmoral
4172,-27.4629,153.0981,QLD,Murarrie
4173,-27.464133333333333,153.1230666666667,QLD,Tingalpa
4174,-27.4478,153.1317,QLD,Hemmant
4178,-27.4282,153.16233333333332,QLD,Wynnum North
4179,-27.4699,153.1785,QLD,Lota
4183,-27.431060000000002,153.45546,QLD,North Stradbroke Island
4184,-27.621100000000002,153.36280000000002,QLD,Peel Island
4205,-27.6833,153.1667,QLD,Bethania
4207,-27.745223809523807,153.19968571428572,QLD,Cedar Creek
4208,-27.781050000000004,153.28241666666665,QLD,Ormeau Hills
4209,-27.86125,153.290775,QLD,Willow Vale
4210,-27.91236,153.26088,QLD,Wongawallan
4211,-28.034658823529412,153.28476470588234,QLD,Beechmont
4212,-27.88405,153.350625,QLD,Helensvale
4213,-28.115385714285715,153.32372857142857,QLD,Worongary
4214,-27.963600000000003,153.36574285714283,QLD,Molendinar
4215,-27.9554,153.39876666666666,QLD,Southport
4216,-27.896216666666664,153.39648333333335,QLD,South Stradbroke
4217,-28.00171111111111,153.41398888888887,QLD,Main Beach
4218,-28.039257142857142,153.427,QLD,Broadbeach
4219,-28.1167,153.4333,QLD,West Burleigh
4220,-28.08938,153.43922,QLD,Miami
4221,-28.126350000000002,153.45755,QLD,Elanora
4222,-28.1235,153.4442,QLD,Griffith University
4223,-28.174475,153.432475,QLD,Currumbin
4224,-28.15,153.5,QLD,Tugun
4225,-28.16805,153.52569999999997,QLD,Coolangatta
4226,-28.059725,153.385975,QLD,Robina
4227,-28.100900000000003,153.4043,QLD,Reedy Creek
4228,-28.171349999999997,153.39409999999998,QLD,Tallebudgera
4229,-28.0779,153.4123,QLD,Bond University
4230,-28.0757,153.3842,QLD,Robina Town Centre
4270,-27.8833,153.1333,QLD,Tamborine
4271,-27.9193,153.1994,QLD,Eagle Heights
4272,-27.955533333333335,153.19453333333334,QLD,Mount Tamborine
4275,-28.00469090909091,153.16243636363635,QLD,Sarabah
4280,-27.789475,153.03165,QLD,Jimboomba
4285,-27.99739090909091,152.91950606060607,QLD,Veresdale Scrub
4287,-25.91571666666667,151.30115,QLD,Rathdowney
4300,-27.64338,152.90733,QLD,Gailes
4301,-27.619633333333336,152.86213333333333,QLD,Redbank Plains
4303,-27.605999999999998,152.83863333333332,QLD,Dinmore
4304,-27.612185714285715,152.80138571428571,QLD,North Booval
4305,-27.625752173913042,152.75695217391305,QLD,Limestone Ridges
4306,-27.377460714285714,152.57671785714288,QLD,England Creek
4307,-27.829028571428573,152.62602857142858,QLD,Mutdapilly
4309,-27.969866666666668,152.59188333333333,QLD,Charlwood
4310,-28.02308076923077,152.66802692307692,QLD,Mount Alford
4311,-27.45569411764706,152.4917882352941,QLD,Lowood
4312,-27.22523846153846,152.4716230769231,QLD,Somerset Dam
4313,-27.087807692307692,152.40244615384614,QLD,Cressbrook
4340,-27.7209,152.53564444444444,QLD,Rosewood
4341,-27.65279375,152.39841875,QLD,Kentville
4342,-27.537899999999997,152.40471666666667,QLD,Glenore Grove
4343,-27.653216666666665,152.2500375,QLD,Morton Vale
4344,-27.59556153846154,152.1655153846154,QLD,Seventeen Mile
4345,-27.5546,152.337,QLD,Gatton College
4346,-27.5661,152.597,QLD,Marburg
4347,-27.61432,152.19776,QLD,Veradilla
4350,-27.580235555555554,151.9113911111111,QLD,Athol
4352,-27.650735064935066,151.76257142857142,QLD,Umbiram
4353,-27.22,151.88413333333332,QLD,Bergen
4354,-27.28363333333333,151.80960000000002,QLD,Kilbirnie
4355,-27.289066666666667,152.30791666666667,QLD,The Bluff
4356,-27.625955555555556,151.5885888888889,QLD,Mount Tyson
4357,-27.842646153846154,151.08668076923075,QLD,Captains Mountain
4358,-27.730039999999995,151.88286,QLD,Cambooya
4359,-27.750542857142857,152.15528571428572,QLD,Hirstglen
4360,-27.8616,151.9011,QLD,Nobby
4361,-27.922775,151.91998125,QLD,Pilton
4362,-28.0563125,151.97455,QLD,Berat
4363,-27.6833,151.7167,QLD,Southbrook
4364,-27.7607,151.4456,QLD,Brookstead
4365,-28.011,151.5821,QLD,Leyburn
4370,-28.197710638297874,152.02544468085105,QLD,Morgan Park
4371,-28.211033333333333,152.22766666666666,QLD,Emu Vale
4372,-28.2927,152.2472,QLD,Tannymorel
4373,-28.308999999999997,152.35559999999998,QLD,The Head
4374,-28.4871,151.9674,QLD,Dalveen
4375,-28.125,152.1917,QLD,Fleurbaix
4376,-28.5506,151.9486,QLD,Thulimbah
4377,-28.576833333333337,151.97333333333333,NSW,Maryland
4378,-28.6193,151.9601,QLD,Applethorpe
4380,-28.727621739130438,151.82988260869564,NSW,Mingoola
4381,-28.7539,151.8717,QLD,Fletcher
4382,-28.828899999999997,151.85422,QLD,Lyra
4383,-28.927300000000002,151.9332,NSW,Jennings
4384,-28.721,151.1824,QLD,Limevale
4385,-28.7842,151.01171,NSW,Camp Creek
4387,-28.472155555555553,151.13383333333334,QLD,Whetstone
4388,-28.5946,150.65064999999998,QLD,Yelarbon
4390,-28.25949,150.33406,QLD,Callandoon
4400,-27.4756,151.8141,QLD,Kingsthorpe
4401,-27.42330625,151.701025,QLD,Sabine
4402,-26.95866666666667,151.89046666666664,QLD,Kooralgin
4403,-27.280516666666667,151.59863333333334,QLD,Brymaroo
4404,-27.350099999999998,151.457975,QLD,Formartin
4405,-27.264281818181818,151.12538181818184,QLD,Ducklo
4406,-27.25152,150.67692,QLD,Kaimkillenbun
4407,-23.970875,149.205125,QLD,Cattle Creek
4408,-26.9354,151.451,QLD,Bell
4410,-26.7841,151.1124,QLD,Jandowae
4411,-26.9323,150.9229,QLD,Warra
4412,-26.8452,150.7916,QLD,Brigalow
4413,-26.87629,150.74419,QLD,Durah
4415,-26.5594875,150.18215,QLD,Dalwogon
4416,-26.97634285714286,150.0246857142857,QLD,Yulabilla
4417,-26.705557142857142,150.2105,QLD,Wellesley
4418,-26.2593,150.0493,QLD,Guluguba
4419,-22.3514,147.5438,QLD,Cockatoo
4420,-25.775577777777777,149.9045111111111,QLD,Spring Creek
4421,-27.282,150.52855,QLD,Tara
4422,-27.6062,149.72484,QLD,Flinton
4423,-27.252000000000002,149.68215,QLD,Glenmorgan
4424,-26.73136666666667,149.8764666666667,QLD,Drillham
4425,-26.5726,149.7806,QLD,Dulacca
4426,-26.570533333333334,149.59386666666668,QLD,Jackson
4427,-26.6143,149.38025,QLD,Yuleba
4428,-26.5314,149.190875,QLD,Wallumbilla South
4454,-25.583009090909094,148.21359090909093,QLD,Durham Downs
4455,-26.497078947368422,148.70977368421055,QLD,Orallo
4461,-26.5896,148.3919,QLD,Muckadilla
4462,-26.55,148.1833,QLD,Amby
4465,-26.49242,147.90378,QLD,Forestvale
4467,-26.449699999999996,147.5361333333333,QLD,Mungallala
4468,-26.4172,147.1153,QLD,Clara Creek
4470,-26.269383333333334,145.9547,QLD,Riversleigh
4471,-27.3726,145.9577,QLD,Claverton
4472,-24.50515,145.433,QLD,Blackall
4474,-25.9073,144.6008,QLD,Adavale
4475,-26.6333,145.0167,QLD,Cheepie
4477,-26.21565,146.27159999999998,QLD,Augathella
4478,-25.00457,146.24975999999998,QLD,Tambo
4479,-26.6426,145.4644,QLD,Cooladdi
4480,-26.642049999999998,143.76794999999998,QLD,Quilpie
4481,-26.333299999999998,144.05726666666666,QLD,Tanbar
4482,-25.592,140.1157,QLD,Birdsville
4486,-28.77935,148.01015,QLD,Hebel
4487,-27.9476,148.6099,QLD,St George
4488,-28.155450000000002,147.47025000000002,QLD,Nebine
4489,-27.2478,145.9805,QLD,Wyandra
4490,-28.245145454545455,145.7362909090909,QLD,Cunnamulla
4491,-28.1599,145.0471,QLD,Eulo
4492,-28.311666666666667,147.96831666666665,QLD,Dynevor
4493,-28.9963,144.407,QLD,Hungerford
4494,-28.324333333333332,149.7787,QLD,Bungunya
4496,-28.413466666666668,149.25096666666667,QLD,Talwood
4497,-28.581433333333333,148.8958,QLD,Thallon
4498,-28.3763,149.72314999999998,QLD,Kioma
4500,-27.30107,152.94969,QLD,Brendale
4501,-27.2833,152.9833,QLD,Lawnton
4502,-27.2667,152.9833,QLD,Petrie
4503,-27.251050000000003,152.98683333333335,QLD,Murrumba Downs
4504,-27.2034,152.9592,QLD,Narangba
4505,-27.1575,152.9576,QLD,Burpengary
4506,-27.12895,152.91105,QLD,Moorina
4507,-27.0361375,153.150475,QLD,Bongaree
4508,-27.1935,153.0263,QLD,Deception Bay
4509,-27.2339,153.0223,QLD,North Lakes
4510,-27.074645454545454,152.96875454545454,QLD,Caboolture
4511,-27.076966666666664,153.10326666666666,QLD,Godwin Beach
4512,-27.034433333333336,152.84720000000002,QLD,Wamuran
4514,-26.938325000000003,152.7507916666667,QLD,D'Aguilar
4515,-26.86783846153846,152.5608076923077,QLD,Hazeldean
4516,-27.0167,152.95,QLD,Elimbah
4517,-26.957,152.9554,QLD,Beerburrum
4518,-26.8976,152.9532,QLD,Glass House Mountains
4519,-26.8541,152.9455,QLD,Beerwah
4520,-27.34706111111111,152.8448277777778,QLD,Mount Samson
4521,-27.1554125,152.79795,QLD,Campbells Pocket
4550,-26.811349999999997,152.94725,QLD,Landsborough
4551,-26.79331875,153.115625,QLD,Kings Beach
4552,-26.743885714285714,152.79863571428572,QLD,Booroobin
4553,-26.75978,152.98466,QLD,Glenview
4554,-26.7303,152.97585,QLD,Ilkley
4555,-26.69495,152.9481,QLD,Chevallum
4556,-26.694433333333336,153.03448333333333,QLD,Mons
4557,-26.6922,153.11025,QLD,Mountain Creek
4558,-26.656583333333334,153.08166666666668,QLD,Maroochydore DC
4559,-26.656275,152.9882,QLD,Woombye
4560,-26.620263636363635,152.93175,QLD,Parklands
4561,-26.54612857142857,152.98582857142856,QLD,Yandina
4562,-26.47275,152.95356666666666,QLD,Belli Park
4563,-26.420585714285714,152.8895714285714,QLD,Carters Ridge
4564,-26.6069,153.06785,QLD,Pacific Paradise
4565,-26.34167142857143,153.00325714285714,QLD,Ringtail Creek
4566,-26.4,153.0667,QLD,Noosaville DC
4567,-26.410925,153.09682500000002,QLD,Castaways Beach
4568,-26.364766666666668,152.83776666666668,QLD,Pinbarren
4569,-26.3369,152.8225,QLD,Cooran
4570,-26.196142528735635,152.62635172413792,QLD,Bollier
4571,-26.2377,152.92145,QLD,Kin Kin
4572,-26.672,153.1079,QLD,Alexandra Headland
4573,-26.51622857142857,153.09278571428572,QLD,Mount Coolum
4574,-26.608883333333335,152.75776666666667,QLD,Kenilworth
4575,-26.72337142857143,153.12614285714287,QLD,Bokarina
4580,-25.962033333333334,152.9976,QLD,Tin Can Bay
4581,-25.43528,153.1826,QLD,Fraser Island
4600,-26.12428,152.23426,QLD,Oakview
4601,-26.15672,152.09314,QLD,Boonara
4605,-26.175542857142858,151.90902857142856,QLD,Manyung
4606,-26.287,151.82861111111112,QLD,Wondai
4608,-26.368540000000003,151.76522,QLD,Tingoora
4610,-26.54893076923077,151.6646423076923,QLD,Haly Creek
4611,-26.183500000000002,151.76954999999998,QLD,Marshlands
4612,-26.1013,151.6592,QLD,Kawl Kawl
4613,-26.21146,151.43497,QLD,Abbeywood
4614,-26.842633333333335,151.98433333333335,QLD,Yarraman
4615,-26.681426315789473,151.94408947368422,QLD,Wengenville
4620,-25.536579999999997,152.31087,QLD,Aramara
4621,-25.56209090909091,152.03153636363638,QLD,Lakeside
4625,-25.576179411764706,151.6513294117647,QLD,Wetheron
4626,-25.007022222222222,150.70960555555556,QLD,Riverleigh
4627,-25.33745,151.02328,QLD,Eidsvold
4630,-24.804275,151.04089583333334,QLD,Tellebang
4650,-25.643971999999998,152.65985,QLD,Maryborough
4655,-25.31593571428571,152.836475,QLD,River Heads
4659,-25.2961,152.56084285714286,QLD,Beelbi Creek
4660,-25.20273333333333,152.32344285714285,QLD,Woodgate
4662,-25.3453,152.5938,QLD,Torbanlea
4670,-24.879039622641507,152.316920754717,QLD,Bundaberg North
4671,-25.03972285714286,151.78348571428572,QLD,Mount Perry
4673,-24.7139,152.069875,QLD,Yandaran
4674,-24.56557777777778,151.86462222222224,QLD,Berajondo
4676,-24.5779,151.67255,QLD,Gindoran
4677,-24.28745,151.70170000000002,QLD,Miriam Vale
4678,-24.159100000000002,151.50505,QLD,Rodds Bay
4680,-23.9874,151.25463095238098,QLD,Glen Eden
4694,-23.80255,151.10165,QLD,Targinnie
4695,-23.811614285714285,150.8960857142857,QLD,Bracewell
4697,-23.7167,150.8167,QLD,Raglan
4699,-23.6249,150.7554,QLD,Port Alma
4700,-23.35015,150.554675,QLD,Fairy Bower
4701,-23.358665,150.56384,QLD,Nerimbera
4702,-23.69918068181818,149.46298750000003,QLD,Rolleston
4703,-23.252143333333333,150.76835,QLD,Byfield
4704,-23.1333,150.3667,QLD,Wattlebank
4705,-22.68784,149.52944,QLD,Mackenzie River
4706,-22.6167,149.65,QLD,Ogmore
4707,-22.5234,149.33623333333335,QLD,St Lawrence
4709,-23.0383,148.3446,QLD,Tieri
4710,-23.264899999999997,150.82254999999998,QLD,Emu Park
4711,-23.2569,150.4849,QLD,Glendale
4712,-23.7158,149.6701,QLD,Duaringa
4713,-24.1306,149.4566,QLD,Woorabinda
4714,-23.684372222222223,150.35564444444447,QLD,Hamilton Creek
4715,-24.3942,150.49923636363636,QLD,Biloela
4716,-24.54505,150.6773,QLD,Thangool
4717,-23.5835,148.8791,QLD,Blackwater
4718,-24.509777777777778,149.53757777777776,QLD,Roundstone
4719,-25.052400000000002,150.18298333333334,QLD,Theodore
4720,-23.553150000000002,148.26225,QLD,Emerald
4721,-22.233175,147.73271666666668,QLD,Winchester
4722,-24.1148,148.0885,QLD,Springsure
4723,-23.08442727272727,147.9894909090909,QLD,Capella
4724,-23.6501,146.8326125,QLD,Alpha
4725,-23.294825,147.0095,QLD,Barcaldine Downs
4726,-23.128500000000003,146.80446666666668,QLD,Galilee
4727,-23.5,144.5,QLD,Ilfracombe
4728,-23.6,146.1333,QLD,Jericho
4730,-23.374311111111112,143.68156666666667,QLD,Chorregon
4731,-24.2597,144.4393,QLD,Isisford
4732,-22.062150000000003,146.88005,QLD,Muttaburra
4733,-21.7167,143.3667,QLD,Corfield
4735,-22.757275,142.3254,QLD,Middleton
4736,-24.8331,143.0616,QLD,Jundah
4737,-21.4196375,149.1862625,QLD,Blue Mountain
4738,-21.65835,149.3,QLD,Ilbilbie
4739,-21.9167,149.4167,QLD,Carmila
4740,-21.17906037735849,149.12914905660378,QLD,The Leap
4741,-21.232970967741934,148.93917419354838,QLD,Kuttabul
4742,-21.733941666666666,148.48215000000002,QLD,Strathfield
4743,-21.351,148.11535,QLD,Glenden
4744,-22.0016,148.0466,QLD,Moranbah
4745,-22.5882,148.3492,QLD,Dysart
4746,-22.799300000000002,148.6385,QLD,Middlemount
4750,-21.019849999999998,149.155,QLD,Bucasia
4751,-21.183675,149.037675,QLD,Victoria Plains
4753,-21.1303,148.9294,QLD,Devereux Creek
4754,-21.164314285714283,148.80877142857142,QLD,Mount Martin
4756,-21.1452,148.58105,QLD,Netherdale
4757,-21.08738,148.46790000000001,QLD,Crediton
4798,-20.880125,148.74615,QLD,Pindi Pindi
4799,-20.7167,148.6,QLD,Bloomsbury
4800,-20.367013513513516,148.5126810810811,QLD,Palm Grove
4801,-20.0511,148.8849,QLD,Hayman Island
4802,-20.268733333333333,148.75552222222223,QLD,Cannonvale
4803,-20.346,148.9519,QLD,Hamilton Island
4804,-20.909233333333333,147.60223333333334,QLD,Mount Coolon
4805,-19.993966666666665,147.9976,QLD,Gumlu
4806,-19.801366666666667,147.4026111111111,QLD,Carstairs
4807,-19.800622222222223,147.2977611111111,QLD,Jarvisfield
4808,-19.5548,147.3549,QLD,Brandon
4809,-19.5424125,147.123975,QLD,Cromarty
4810,-19.250473333333332,146.81030666666666,QLD,Pallarenda
4811,-19.34296666666667,146.8171,QLD,Cluden
4812,-19.285522222222223,146.79039999999998,QLD,Pimlico
4813,-19.3366,146.7836,QLD,Townsville Milpo
4814,-19.2961,146.76923636363637,QLD,Garbutt
4815,-19.41075,146.68546666666666,QLD,Condon
4816,-19.6132375,146.281215,QLD,Nome
4817,-19.344183333333334,146.67656666666667,QLD,Kirwan
4818,-19.516744444444445,146.87509444444444,QLD,Lynam
4819,-19.144585714285714,146.85114285714286,QLD,West Point
4820,-20.093922727272727,146.17604545454546,QLD,Broughton
4821,-21.10974,144.13018,QLD,Tangorin
4822,-20.005455555555557,143.20111111111112,QLD,Albion
4823,-20.681900000000002,143.52274285714287,QLD,Julia Creek
4824,-20.514933333333335,143.26841666666667,QLD,Kuridala
4825,-20.71833888888889,141.05164444444443,NT,Alpurrurulam
4828,-19.9215,138.1201,QLD,Camooweal
4829,-24.4044125,139.2142,QLD,Boulia
4830,-17.98235,142.617575,QLD,Nicholson
4849,-18.307920000000003,146.1301,QLD,Cardwell
4850,-18.660600000000002,146.15214705882352,QLD,Ingham
4852,-17.88654,146.08359000000002,QLD,Tam O'Shanter
4854,-17.959316,145.926144,QLD,Birkalla
4855,-17.806575000000002,146.00592500000002,QLD,El Arish
4856,-17.755157142857144,145.95172857142856,QLD,Silkwood
4857,-17.7435,146.0097,QLD,Silkwood East
4858,-17.595983333333333,146.06213333333332,QLD,Comoon Loop
4859,-17.597749999999998,145.99445,QLD,No. 6 Branch
4860,-17.781444736842104,146.09710789473684,QLD,Coorumba
4861,-17.383866666666666,145.92716666666666,QLD,Bartle Frere
4865,-17.1114,145.75403333333333,QLD,Gordonvale
4868,-16.971125,145.7395,QLD,Bayview Heights
4869,-17.015675,145.731875,QLD,Bentley Park
4870,-16.907310714285714,145.73306428571428,QLD,Cairns
4871,-16.96637,144.69258,QLD,Coen
4872,-17.509781818181818,145.3513,QLD,Kairi
4873,-16.287489655172415,145.32054137931033,QLD,Cow Bay
4874,-13.327174999999999,142.58151666666666,QLD,Nanum
4875,-16.141111764705883,145.0634411764706,QLD,Prince Of Wales
4876,-15.70074,144.84372000000002,QLD,Umagico
4877,-16.5551,145.48638333333335,QLD,Oak Beach
4878,-16.838616666666667,145.71283333333335,QLD,Machans Beach
4879,-16.7697,145.68078333333332,QLD,Kewarra Beach
4880,-16.978133333333336,145.37641666666664,QLD,Chewko
4881,-16.814125,145.57935,QLD,Speewah
4882,-17.2333,145.4833,QLD,Tolga
4883,-17.32576,145.4009,QLD,Carrington
4884,-17.284675,145.611725,QLD,Lake Eacham
4885,-17.363022222222224,145.63447777777776,QLD,Peeramon
4886,-17.499087499999998,145.5987125,QLD,Beatrice
4887,-17.40725,145.31778333333332,QLD,Wondecla
4888,-17.56688,145.45131999999998,QLD,Tumoulin
4890,-17.5664,141.12865,QLD,Normanton
4891,-17.4869,140.8426,QLD,Karumba
4892,-15.4039,144.08229696969696,QLD,Archer River
4895,-15.734066666666669,145.27534444444444,QLD,Degarra
5000,-34.9286375,138.5999125,SA,Adelaide
5001,-34.9287,138.5986,SA,Adelaide
5005,-34.9006,138.5702,SA,University Of Adelaide
5006,-34.903949999999995,138.5808,SA,North Adelaide
5007,-34.90126,138.56594,SA,Welland
5008,-34.88885714285714,138.57225714285715,SA,Dudley Park
5009,-34.890633333333334,138.55113333333335,SA,Kilkenny
5010,-34.862825,138.565,SA,Regency Park
5011,-34.88438,138.54244,SA,Woodville Park
5012,-34.86315,138.54645,SA,Woodville Gardens
5013,-34.847833333333334,138.53901666666667,SA,Rosewater East
5014,-34.87218333333333,138.51615,SA,Cheltenham
5015,-34.84418333333333,138.48533333333333,SA,Port Adelaide
5016,-34.826633333333334,138.48986666666667,SA,Peterhead
5017,-34.80115,138.49695,SA,Osborne
5018,-34.78245,138.48950000000002,SA,Outer Harbor
5019,-34.844925,138.482425,SA,Semaphore
5020,-34.8601,138.4897,SA,West Lakes Shore
5021,-34.873,138.4946,SA,West Lakes
5022,-34.9086,138.4915,SA,Henley Beach South
5023,-34.9,138.52499999999998,SA,Seaton
5024,-34.929399999999994,138.51206666666667,SA,West Beach
5025,-34.911249999999995,138.53505,SA,Flinders Park
5031,-34.927139999999994,138.56653999999997,SA,Torrensville Plaza
5032,-34.92413333333334,138.5371,SA,Lockleys
5033,-34.93887142857143,138.56071428571428,SA,Marleston
5034,-34.956779999999995,138.5872,SA,Wayville
5035,-34.948883333333335,138.5766,SA,Black Forest
5037,-34.954875,138.559625,SA,Kurralta Park
5038,-34.969075000000004,138.548125,SA,Camden Park
5039,-34.9804,138.574675,SA,Melrose Park
5040,-34.9733,138.5383,SA,Novar Gardens
5041,-34.9821,138.5926,SA,Cumberland Park
5042,-35.009319999999995,138.57144,SA,St Marys
5043,-34.997159999999994,138.55720000000002,SA,Morphettville
5044,-34.9921,138.5291,SA,Somerton Park
5045,-34.97784,138.51876,SA,Glenelg Jetty Road
5046,-35.00946666666667,138.54176666666666,SA,Oaklands Park
5047,-35.0265,138.552075,SA,Seacombe Heights
5048,-35.01696,138.52666,SA,South Brighton
5049,-35.036880000000004,138.52418,SA,Seacliff Park
5050,-35.02565,138.5894,SA,Eden Hills
5051,-35.035925,138.619525,SA,Blackwood
5052,-35.0028,138.62335000000002,SA,Belair
5061,-34.95616666666667,138.60566666666668,SA,Malvern
5062,-34.97951818181818,138.61611818181817,SA,Kingswood
5063,-34.94956,138.62323999999998,SA,Parkside
5064,-34.95858333333333,138.6446,SA,Mount Osmond
5065,-34.940039999999996,138.64018000000002,SA,Linden Park
5066,-34.940099999999994,138.66882857142858,SA,Stonyfell
5067,-34.922180000000004,138.63396,SA,Beulah Park
5068,-34.922225,138.6514625,SA,Kensington Gardens
5069,-34.90995,138.62666666666667,SA,Stepney
5070,-34.898559999999996,138.64524999999998,SA,Payneham
5071,-34.9216,138.6201,SA,Kent Town DC
5072,-34.912675,138.6833375,SA,Magill South
5073,-34.8976,138.6706,SA,Tranmere
5074,-34.8827,138.6746,SA,Newton
5075,-34.8678,138.6728,SA,Paradise
5076,-34.87085,138.7027,SA,Athelstone
5081,-34.88863333333334,138.614,SA,Gilberton
5082,-34.89202,138.59214,SA,Fitzroy
5083,-34.878099999999996,138.6082,SA,Broadview
5084,-34.859366666666666,138.59073333333333,SA,Kilburn North
5085,-34.85776,138.6203,SA,Northgate
5086,-34.86323333333333,138.63606666666666,SA,Oakden
5087,-34.87235,138.6413,SA,Windsor Gardens
5088,-34.8516,138.6723,SA,Holden Hill
5089,-34.8529,138.6975,SA,Highbury
5090,-34.8333,138.7,SA,Hope Valley
5091,-34.82243333333333,138.7314,SA,Tea Tree Gully
5092,-34.8262,138.681475,SA,Modbury North DC
5093,-34.8304,138.6609,SA,Valley View
5094,-34.8329,138.58293333333333,SA,Gepps Cross
5095,-34.8185,138.6169,SA,Pooraka
5096,-34.8041,138.65673333333334,SA,Para Hills West
5097,-34.82123333333333,138.70743333333334,SA,Redwood Park
5098,-34.835,138.6385,SA,Ingle Farm
5106,-34.779675,138.6324,SA,Parafield
5107,-34.79155,138.60875,SA,Parafield Gardens
5108,-34.7606,138.621,SA,Salisbury
5109,-34.77518333333333,138.6598,SA,Salisbury East Northbri Ave
5110,-34.74693333333334,138.59111666666666,SA,Direk
5111,-34.70795,138.66264999999999,SA,Edinburgh
5112,-34.732683333333334,138.67423333333332,SA,Elizabeth Vale
5113,-34.69745,138.675725,SA,Elizabeth Downs
5114,-34.695825,138.72835833333332,SA,One Tree Hill
5115,-34.657625,138.6913,SA,Munno Para
5116,-34.62836,138.71652,SA,Evanston
5117,-34.641,138.6461,SA,Angle Vale
5118,-34.59380625,138.7350625,SA,Kingsford
5120,-34.675799999999995,138.551,SA,Virginia
5121,-34.6702,138.6367,SA,Penfield
5125,-34.77263333333334,138.72736666666665,SA,Golden Grove
5126,-34.798,138.72346666666667,SA,Fairview Park
5127,-34.7994,138.6871,SA,Wynn Vale
5131,-34.80643333333333,138.76673333333335,SA,Houghton
5132,-34.8488,138.78,SA,Paracombe
5133,-34.824,138.7739,SA,Inglewood
5134,-34.9,138.75740000000002,SA,Montacute
5136,-34.9229,138.7249,SA,Norton Summit
5137,-34.9395,138.7371,SA,Ashton
5138,-34.9398,138.765,SA,Basket Range
5139,-34.928,138.807,SA,Forest Range
5140,-34.9499,138.6917,SA,Greenhill
5141,-34.9473,138.71785,SA,Summertown
5142,-34.956,138.7444,SA,Uraidla
5144,-34.9647,138.7618,SA,Carey Gully
5150,-35.031400000000005,138.68655,SA,Leawood Gardens
5151,-34.9778,138.7302,SA,Piccadilly
5152,-35.00355,138.709175,SA,Stirling
5153,-35.08150769230769,138.7547846153846,SA,Longwood
5154,-35.0167,138.7333,SA,Aldgate
5155,-35.001850000000005,138.75685,SA,Mount George
5156,-35.0167,138.6833,SA,Upper Sturt
5157,-35.1571875,138.690975,SA,Dorset Vale
5158,-35.074799999999996,138.53452,SA,Sheidow Park
5159,-35.0738,138.58114999999998,SA,Happy Valley
5160,-35.1068,138.4929,SA,Lonsdale DC
5161,-35.096399999999996,138.5406,SA,Reynella
5162,-35.117850000000004,138.5398,SA,Morphett Vale
5163,-35.145675,138.528075,SA,Huntfield Heights
5164,-35.13,138.4963,SA,Christie Downs
5165,-35.14195,138.48805,SA,Christies Beach
5166,-35.1188,138.4734,SA,O'Sullivan Beach
5167,-35.161,138.46980000000002,SA,Port Noarlunga
5168,-35.171533333333336,138.50226666666666,SA,Old Noarlunga
5169,-35.189659999999996,138.48250000000002,SA,Seaford Heights
5170,-35.2259,138.4798,SA,Maslin Beach
5171,-35.21846,138.5526,SA,Blewitt Springs
5172,-35.27670833333333,138.61319166666667,SA,Hope Forest
5173,-35.279833333333336,138.46453333333332,SA,Port Willunga
5174,-35.33415,138.46075000000002,SA,Sellicks Hill
5201,-35.213080000000005,138.74028,SA,Kuitpo
5202,-35.3926,138.43606666666668,SA,Hindmarsh Tiers
5203,-35.48145,138.38018333333332,SA,Bald Hills
5204,-35.52081,138.22720999999999,SA,Normanville
5210,-35.34693333333333,138.65286666666665,SA,Mount Compass
5211,-35.5383,138.58950000000002,SA,Lower Inman Valley
5212,-35.5302,138.6792,SA,Port Elliot
5213,-35.5105,138.7038,SA,Middleton
5214,-35.5031625,138.810375,SA,Hindmarsh Island
5220,-35.7853,137.2571,SA,Parndana
5221,-35.777966666666664,137.7719,SA,American River
5222,-35.773125,137.85130625,SA,Kangaroo Head
5223,-35.70956896551724,137.47181379310345,SA,North Cape
5231,-34.80183333333333,138.84216666666666,SA,Chain Of Ponds
5232,-34.8409,138.8284,SA,Cudlee Creek
5233,-34.80265,138.90140000000002,SA,Gumeracha
5234,-34.8183,138.9648,SA,Birdwood
5235,-34.724066666666666,139.05795,SA,Flaxman Valley
5236,-34.8167,139.0667,SA,Tungkillo
5237,-34.806925,139.19575,SA,Sanderston
5238,-34.83993103448276,139.48692068965516,SA,Bowhill
5240,-34.9182,138.8326,SA,Lenswood
5241,-34.9045,138.8748,SA,Lobethal
5242,-34.9909,138.8257,SA,Balhannah
5243,-34.9834,138.8453,SA,Oakbank
5244,-34.933980000000005,138.92919999999998,SA,Inverbrackie
5245,-35.025866666666666,138.79999999999998,SA,Paechtown
5246,-34.9614,138.8661,SA,Woodhouse
5250,-35.04736666666667,138.86606666666668,SA,Littlehampton
5251,-35.08045,138.86678333333333,SA,Mount Barker Junction
5252,-35.03713333333334,138.95533333333333,SA,Nairne
5253,-35.135016666666665,139.36562916666665,SA,Brinkley
5254,-35.03993333333333,139.20103333333333,SA,Murray Bridge
5255,-35.290415789473684,138.9325105263158,SA,Woodchester
5256,-35.47651666666666,138.96125,SA,Clayton Bay
5259,-35.3754,139.35131666666666,SA,Tailem Bend
5260,-35.2523,139.4555,SA,Tailem Bend
5261,-35.551660000000005,139.75614000000002,SA,Yumali
5262,-36.836275,140.917725,SA,Binnum
5263,-37.2906,140.8344,SA,Coonawarra
5264,-35.819266666666664,139.46855000000002,SA,Meningie East
5265,-35.758300000000006,139.7615,SA,Field
5266,-35.8871,140.0565,SA,Deepwater
5267,-36.15475,140.43409166666666,SA,Coombe
5268,-36.29565,140.742575,SA,Lowan Vale
5269,-34.99613333333334,138.5379333333333,SA,Pine Hill
5270,-36.3435,140.59416666666667,SA,Buckingham
5271,-36.953355555555554,140.68249444444444,SA,Bool Lagoon
5272,-36.09315,139.44039999999998,SA,Lucindale
5273,-36.9667,140.2333,SA,Avenue Range
5275,-36.968425,140.03499375,SA,Rosetown
5276,-37.245200000000004,139.80693333333332,SA,Nora Creina
5277,-37.4131125,140.849425,SA,Pleasant Park
5278,-37.588675,140.701525,SA,Kalangadoo
5279,-37.5474,140.49106666666668,SA,Mount Burr
5280,-37.54388125,140.25138125,SA,Beachport
5290,-37.8318,140.7792,SA,Mount Gambier
5291,-37.85856857142857,140.69403142857144,SA,Glencoe West
5301,-35.373266666666666,140.02557777777778,SA,Moorlands
5302,-35.329,140.5167,SA,Ngarkat
5303,-35.3,140.6667,SA,Parilla
5304,-35.061225,140.828,SA,Pinnaroo
5306,-35.1333,139.7333,SA,Wynarka
5307,-35.1389,140.03835,SA,Karoonda
5308,-34.74684,139.94065999999998,SA,Galga
5309,-34.916675,140.141675,SA,Mindarie
5310,-34.7167,140.3,SA,Caliph
5311,-34.58803846153846,140.6222,SA,Taplan
5312,-34.6667,140.5167,SA,Veitch
5320,-34.01371538461538,139.48966153846152,SA,Stuart
5321,-34.03605,139.75695000000002,SA,Cadell
5322,-34.14042,139.90532000000002,SA,Golden Heights
5330,-34.18824666666667,140.07937333333334,SA,Wigley Flat
5331,-34.272850000000005,140.34584999999998,SA,Kingston On Murray
5332,-34.288625,140.3433,SA,Moorook South
5333,-34.468475,140.5787875,SA,Pyap
5340,-34.197250000000004,140.8076,SA,Wonuarra
5341,-34.1536625,140.7055625,SA,Cooltong
5342,-34.2384,140.5613,SA,Monash
5343,-34.307766666666666,140.58811666666668,SA,Lyrup
5344,-34.2769,140.541,SA,Glossop
5345,-34.269466666666666,140.4474,SA,Spectacle Lake
5346,-34.2438,140.4043,SA,Cobdogla
5350,-34.5674,138.83525,SA,Sandy Creek
5351,-34.63484285714286,138.88775714285714,SA,Cockatoo Valley
5352,-34.54022857142857,138.93904285714285,SA,Vine Vale
5353,-34.57910714285714,139.22665,SA,Angaston
5354,-34.582679999999996,139.73006,SA,Bakara
5355,-34.4576625,139.1207375,SA,Light Pass
5356,-34.4012625,139.243275,SA,Annadale
5357,-34.38504,139.76934,SA,Notts Well
5360,-34.457,138.9272,SA,Greenock
5371,-34.506225,138.7715,SA,Roseworthy
5372,-34.4541,138.8087,SA,Freeling
5373,-34.325225,138.9000625,SA,Fords
5374,-34.14496666666666,139.16511333333335,SA,Hampden
5381,-33.9285875,139.0516125,SA,Brady Creek
5400,-34.46455,138.682475,SA,Magdala
5401,-34.26956666666667,138.64860000000002,SA,Alma
5410,-34.34715,138.74995,SA,Linwood
5411,-34.247299999999996,138.75015000000002,SA,Tarlee
5412,-34.147949999999994,138.721475,SA,Woolshed Flat
5413,-34.043277777777774,138.8878,SA,Marrabel
5414,-34.0,138.8167,SA,Manoora
5415,-33.917,138.7191,SA,Stanley
5416,-33.857600000000005,138.8245,SA,Farrell Flat
5417,-33.61379,138.88209,SA,Mongolata
5418,-33.369,139.0842,SA,Mount Bryan
5419,-33.40067142857143,138.88355714285714,SA,Hallett
5420,-33.193650000000005,138.8996,SA,Canowie Belt
5421,-33.150949999999995,138.98685,SA,Franklyn
5422,-32.89223076923077,138.92193076923078,SA,Ucolta
5431,-32.66952142857143,138.55392857142857,SA,Orroroo
5432,-32.30416,138.54166,SA,Yanyarrie
5433,-32.34891666666667,138.12501666666665,SA,Quorn
5434,-31.8892,138.42,SA,Hawker
5440,-32.37298571428571,140.03784285714286,SA,Waukaringa
5451,-34.0468,138.68425000000002,SA,Auburn
5452,-33.9942,138.6248,SA,Watervale
5453,-33.89719375,138.57849375,SA,Armagh
5454,-34.0871,138.6347142857143,SA,Spalding
5455,-33.8458,138.6125,SA,Hilltown
5460,-34.304325,138.542375,SA,Pinery
5461,-34.08533846153846,138.39839230769232,SA,Goyder
5462,-33.8486,138.4893,SA,Blyth
5464,-33.6981125,138.4166375,SA,Anama
5470,-33.5514,138.4805,SA,Yacka
5471,-33.4672,138.443,SA,Gulnare
5472,-33.3667,138.4,SA,Georgetown
5473,-33.2669,138.3566,SA,Gladstone
5480,-33.1176,138.3595,SA,Stone Hut
5481,-32.977925,138.2175,SA,Wirrabara
5482,-32.8566,138.417,SA,Wepowie
5483,-32.8253,138.1863,SA,Melrose
5485,-32.6499,138.0981,SA,Wilmington
5490,-33.1833,138.4833,SA,Caltowie North
5491,-33.1362,138.56152857142857,SA,Hornsdale
5493,-34.9167,137.55,SA,Yongala
5495,-32.892916666666665,137.99578333333332,SA,Baroota
5501,-34.45675,138.39452142857144,SA,Parham
5502,-34.48951666666667,138.54111666666668,SA,Mallala
5510,-33.9333,138.1667,SA,Lochiel
5520,-33.7342,138.13662,SA,Bumbunga
5521,-33.5333,138.2333,SA,Redhill
5522,-33.58006666666667,137.93943333333334,SA,Fisherman Bay
5523,-33.3954,138.1486,SA,Wandearah West
5540,-33.207593333333335,138.02839333333336,SA,Bungama
5550,-34.1468875,138.2170875,SA,Inkerman
5552,-34.06471428571429,137.92838571428572,SA,Paskeville
5554,-33.972770000000004,137.71957,SA,Matta Flat
5555,-33.74921666666666,137.89735,SA,Tickera
5556,-33.947225,137.62775,SA,North Beach
5558,-34.109871428571424,137.71497142857143,SA,Moonta Bay
5560,-33.8656,138.0066,SA,Bute
5570,-34.240660000000005,137.95383999999999,SA,Winulta
5571,-34.44383,137.87655999999998,SA,Ardrossan
5572,-34.2667,137.75,SA,Arthurton
5573,-34.492990000000006,137.51638,SA,Yorke Valley
5575,-34.90967692307692,137.38996923076922,SA,Hardwicke Bay
5576,-35.08396666666667,137.59053333333333,SA,Honiton
5577,-35.05945,137.15385,SA,Inneston
5580,-34.683350000000004,137.78334999999998,SA,Port Julia
5581,-34.7789,137.86005,SA,Sheaoak Flat
5582,-34.9111,137.799,SA,Stansbury
5583,-35.06523333333333,137.73533333333333,SA,Coobowie
5600,-33.030300000000004,137.5634,SA,Whyalla
5601,-32.89563999999999,137.21436666666665,SA,Iron Baron
5602,-33.593875,136.9159875,SA,Miltalie
5603,-33.92595,136.403125,SA,Verran
5604,-34.1188,136.3483,SA,Port Neill
5605,-34.245900000000006,136.10165,SA,Butler
5606,-34.7263,135.8744,SA,Port Lincoln
5607,-34.35988636363636,135.6872909090909,SA,Koppio
5608,-33.026975,137.531975,SA,Whyalla Norrie
5609,-33.0221,137.5127,SA,Whyalla Jenkins
5630,-34.4118,135.7063,SA,Edillilie
5631,-34.26205,135.72665,SA,Cockaleechie
5632,-34.329175,136.37965,SA,Karkoo
5633,-33.56735,135.7616,SA,Boonerdo
5640,-33.507425,136.367925,SA,Waddikee
5641,-33.105,136.33371538461537,SA,Moseley
5642,-33.577780000000004,136.2278,SA,Rudall
5650,-33.21666666666667,135.78333333333333,SA,Koongawa
5651,-33.1333,135.5667,SA,Kyancutta
5652,-33.0334,135.44023333333334,SA,Paney
5653,-32.9462,135.2737,SA,Yaninee
5654,-32.911125,135.072225,SA,Mount Damper
5655,-32.7167,134.85,SA,Poochera
5660,-32.5833,134.7167,SA,Cungena
5661,-32.40148,134.53162,SA,Wirrulla
5670,-33.50283636363636,135.0799181818182,SA,Kappawanta
5671,-33.091,134.5503875,SA,Mortana
5680,-32.474869999999996,134.23173500000001,SA,Chinbingina
5690,-31.982688888888887,133.21296111111113,SA,Nadia
5700,-32.537060000000004,137.80793,SA,Winninowie
5701,-31.495857142857144,136.9282,SA,Tarcoola
5710,-31.406800000000004,136.12966666666668,SA,Kingoonya
5720,-31.225949999999997,136.8187,SA,Pimba
5722,-30.4481,137.1656,SA,Andamooka
5723,-29.0141,134.755,SA,Coober Pedy
5724,-27.305,133.45955,SA,Mintabie
5725,-30.50495,136.88115,SA,Olympic Dam
5730,-31.0213,138.49993333333336,SA,Blinman
5731,-29.89386,138.84724,SA,Leigh Creek
5732,-30.561700000000002,138.69415,SA,Copley
5733,-29.85885,138.17784999999998,SA,Farina
5734,-27.5514,135.4491,SA,Oodnadatta
5800,-34.9287,138.5986,SA,Adelaide
5810,-34.9287,138.5986,SA,Adelaide
5839,-34.9287,138.5986,SA,Adelaide
5860,-34.9287,138.5986,SA,Adelaide Mail Centre
5861,-34.9287,138.5986,SA,Adelaide Mail Centre
5862,-34.9287,138.5986,SA,Adelaide Mail Centre
5863,-34.9287,138.5986,SA,Adelaide Mail Centre
5864,-34.9287,138.5986,SA,Adelaide Mail Centre
5865,-34.9287,138.5986,SA,Adelaide Mail Centre
5866,-34.9287,138.5986,SA,Adelaide Mail Centre
5867,-34.9287,138.5986,SA,Adelaide Mail Centre
5868,-34.9287,138.5986,SA,Adelaide Mail Centre
5869,-34.9287,138.5986,SA,Adelaide Mail Centre
5870,-34.9287,138.5986,SA,Adelaide Mail Centre
5871,-34.9287,138.5986,SA,Adelaide Mail Centre
5872,-34.9287,138.5986,SA,Adelaide Mail Centre
5873,-34.9287,138.5986,SA,Adelaide Mail Centre
5874,-34.9287,138.5986,SA,Adelaide Mail Centre
5875,-34.9287,138.5986,SA,Adelaide Mail Centre
5876,-34.9287,138.5986,SA,Adelaide Mail Centre
5877,-34.9287,138.5986,SA,Adelaide Mail Centre
5878,-34.9287,138.5986,SA,Adelaide Mail Centre
5879,-34.9287,138.5986,SA,Adelaide Mail Centre
5880,-34.9287,138.5986,SA,Adelaide Mail Centre
5881,-34.9287,138.5986,SA,Adelaide Mail Centre
5882,-34.9287,138.5986,SA,Adelaide Mail Centre
5883,-34.9287,138.5986,SA,Adelaide Mail Centre
5884,-34.9287,138.5986,SA,Adelaide Mail Centre
5885,-34.9287,138.5986,SA,Adelaide Mail Centre
5886,-34.9287,138.5986,SA,Adelaide Mail Centre
5887,-34.9287,138.5986,SA,Adelaide Mail Centre
5888,-34.9287,138.5986,SA,Adelaide Mail Centre
5889,-34.9287,138.5986,SA,Adelaide Mail Centre
5890,-34.9287,138.5986,SA,Adelaide Mail Centre
5891,-34.9287,138.5986,SA,Adelaide Mail Centre
5892,-34.9287,138.5986,SA,Adelaide Mail Centre
5893,-34.9287,138.5986,SA,Adelaide Mail Centre
5894,-34.9287,138.5986,SA,Adelaide Mail Centre
5895,-34.9287,138.5986,SA,Adelaide Mail Centre
5896,-34.9287,138.5986,SA,Adelaide Mail Centre
5897,-34.9287,138.5986,SA,Adelaide Mail Centre
5898,-34.9287,138.5986,SA,Adelaide Mail Centre
5899,-34.9287,138.5986,SA,Adelaide Mail Centre
5900,-34.8956,138.5855,SA,Adelaide Mail Centre
5901,-34.8956,138.5855,SA,Adelaide Mail Centre
5902,-34.8956,138.5855,SA,Adelaide Mail Centre
5903,-34.8956,138.5855,SA,Adelaide Mail Centre
5904,-34.8956,138.5855,SA,Adelaide Mail Centre
5920,-34.9287,138.5986,SA,Adelaide
5942,-34.8626,138.5724,SA,Regency Park
5950,-34.9426,138.53215,SA,Export Park
5960,-34.8956,138.5855,SA,Torrens Island
6000,-31.9522,115.8614,WA,Perth
6001,-31.9522,115.8614,WA,Perth
6003,-31.94375,115.86445,WA,Northbridge
6004,-31.9587,115.8711,WA,East Perth
6005,-31.951999999999998,115.83895,WA,West Perth
6006,-31.9272,115.8528,WA,North Perth
6007,-31.938850000000002,115.83654999999999,WA,Leederville
6008,-31.952325000000002,115.8104,WA,Shenton Park
6009,-31.9868,115.80594,WA,Nedlands
6010,-31.9712,115.78052,WA,Karrakatta
6011,-31.9994,115.76745,WA,Peppermint Grove
6012,-32.0054,115.7638,WA,Mosman Park
6014,-31.939166666666665,115.80053333333335,WA,Wembley
6015,-31.9344,115.7617,WA,City Beach
6016,-31.91995,115.82724999999999,WA,Mount Hawthorn
6017,-31.904,115.80903333333333,WA,Herdsman
6018,-31.89035714285714,115.78804285714286,WA,Churchlands
6019,-31.903750000000002,115.76895,WA,Wembley Downs
6020,-31.84628,115.76082000000001,WA,North Beach
6021,-31.8792,115.81915000000001,WA,Stirling
6022,-31.849,115.8076,WA,Hamersley
6023,-31.8329,115.7759,WA,Duncraig
6024,-31.83345,115.80555,WA,Warwick
6025,-31.797925,115.75805,WA,Hillarys
6026,-31.79985,115.7988,WA,Kingsley
6027,-31.7619,115.7564875,WA,Ocean Reef
6028,-31.726975,115.73429999999999,WA,Iluka
6029,-31.8694,115.7571,WA,Trigg
6030,-31.67973333333333,115.71513333333333,WA,Merriwa
6031,-31.6866,115.7761,WA,Neerabup
6032,-31.6371,115.7625,WA,Nowergup
6033,-31.6058,115.7144,WA,Carabooda
6034,-31.5868,115.6888,WA,Eglinton
6035,-31.5468,115.6317,WA,Yanchep
6036,-31.6462,115.69964999999999,WA,Butler
6037,-31.4998,115.5874,WA,Two Rocks
6038,-31.6304,115.6864,WA,Alkimos
6041,-31.33782,115.54448,WA,Wilbinga
6042,-31.2772,115.4439,WA,Seabird
6043,-31.10135,115.38374999999999,WA,Ledge Point
6044,-30.9541,115.359725,WA,Lancelin
6050,-31.922666666666668,115.86086666666667,WA,Menora
6051,-31.931,115.8949,WA,Maylands
6052,-31.91395,115.8845,WA,Inglewood
6053,-31.9169,115.9178,WA,Bayswater
6054,-31.89574,115.94352,WA,Ashfield
6055,-31.869275,115.9788125,WA,Hazelmere
6056,-31.874570588235294,116.03155294117647,WA,Koongamia
6057,-31.94815,116.0155,WA,High Wycombe
6058,-31.9828,116.0067,WA,Forrestfield
6059,-31.8882,115.8719,WA,Dianella
6060,-31.901699999999998,115.84400000000001,WA,Joondanna
6061,-31.86555,115.8476,WA,Westminster
6062,-31.888166666666667,115.90596666666666,WA,Embleton
6063,-31.8651,115.9366,WA,Beechboro
6064,-31.8343,115.852425,WA,Girrawheen
6065,-31.760083333333334,115.83987777777777,WA,Madeley
6066,-31.8406,115.8955,WA,Ballajura
6067,-31.8194,115.9055,WA,Cullacabardee
6068,-31.8245,115.9416,WA,Whiteman
6069,-31.770657142857143,116.01382857142858,WA,Aveley
6070,-31.9191,116.0812,WA,Darlington
6071,-31.9013,116.10364999999999,WA,Hovea
6072,-31.9095,116.1043,WA,Mahogany Creek
6073,-31.9021,116.1676,WA,Mundaring DC
6074,-31.9023,116.2007,WA,Sawyers Valley
6076,-31.988481818181814,116.08831818181817,WA,Bickley
6077,-31.765549999999998,115.86345,WA,Gnangara
6078,-31.70235,115.84315000000001,WA,Pinjar
6079,-31.783949999999997,115.91954999999999,WA,Melaleuca
6081,-31.8765,116.15435,WA,Stoneville
6082,-31.807650000000002,116.26025,WA,Mount Helena
6083,-31.6767,116.27080000000001,WA,Morangup
6084,-31.5897,116.09736000000001,WA,Chittering
6090,-31.8526,115.881,WA,Malaga
6100,-31.9675,115.90516666666667,WA,Burswood
6101,-31.9842,115.911,WA,Carlisle South
6102,-32.0,115.91322500000001,WA,Bentley
6103,-31.9555,115.9131,WA,Rivervale
6104,-31.940033333333332,115.93149999999999,WA,Redcliffe
6105,-31.957933333333333,115.95076666666667,WA,Perth Airport
6106,-31.9944,115.9222,WA,Welshpool
6107,-32.01642857142857,115.95572857142858,WA,Wattle Grove
6108,-32.06,115.955,WA,Thornlie
6109,-32.039649999999995,115.9945,WA,Maddington
6110,-32.086574999999996,115.993975,WA,Gosnells
6111,-32.1298,116.06853000000001,WA,Champion Lakes
6112,-32.154558333333334,115.988225,WA,Mount Nasura
6121,-32.2333,115.92609999999999,WA,Oldbury
6122,-32.222175,116.00897499999999,WA,Byford
6123,-32.292100000000005,115.999,WA,Whitby
6124,-32.3358,116.0595,WA,Jarrahdale
6125,-32.358466666666665,115.94926666666667,WA,Serpentine
6126,-32.4333,115.9667,WA,Keysbrook
6147,-32.043366666666664,115.92963333333334,WA,Lynwood
6148,-32.034725,115.893825,WA,Shelley
6149,-32.0657,115.86425,WA,Bull Creek
6150,-32.0592,115.83823333333333,WA,Murdoch
6151,-31.982533333333333,115.86766666666666,WA,South Perth Angelo St
6152,-32.01104,115.87280000000001,WA,Waterford
6153,-32.02995,115.8406,WA,Mount Pleasant
6154,-32.03756666666666,115.8213,WA,Myaree
6155,-32.05898,115.90428,WA,Canning Vale East
6156,-32.038650000000004,115.80295,WA,Melville
6157,-32.0364,115.7846,WA,Palmyra
6158,-32.0382,115.7676,WA,East Fremantle
6159,-32.0333,115.75,WA,North Fremantle
6160,-32.05,115.7667,WA,Fremantle
6161,-31.9952,115.5404,WA,Rottnest Island
6162,-32.06563333333333,115.76303333333333,WA,White Gum Valley
6163,-32.07873636363637,115.80156363636364,WA,Bibra Lake
6164,-32.135180000000005,115.84948999999999,WA,Atwell
6165,-32.19775,115.79384999999999,WA,Hope Valley
6166,-32.15045,115.787025,WA,Wattleup
6167,-32.23030769230769,115.82759230769231,WA,Wandi
6168,-32.2790625,115.7376625,WA,Hillman
6169,-32.31295,115.73875,WA,Safety Bay
6170,-32.2672,115.8163,WA,Leda
6171,-32.3289,115.8305,WA,Baldivis
6172,-32.3734,115.7515,WA,Port Kennedy
6173,-32.4059,115.7585,WA,Secret Harbour
6174,-32.425,115.761,WA,Golden Bay
6175,-32.444,115.7572,WA,Singleton
6176,-32.3667,115.8167,WA,Karnup
6180,-32.48655,115.76435000000001,WA,Parklands
6181,-32.4778,115.7942,WA,Stake Hill
6182,-32.4299,115.8314,WA,Keralup
6207,-32.54734,116.04538,WA,Solus
6208,-32.638281818181824,115.89379090909091,WA,Ravenswood
6209,-32.55415,115.77000000000001,WA,Furnissdale
6210,-32.56429166666667,115.7226875,WA,Mandurah
6211,-32.719075000000004,115.6435,WA,Dawesville
6213,-32.71042857142857,116.07631428571429,WA,Marrinup
6214,-32.74296666666667,115.8362,WA,West Coolup
6215,-32.85406666666667,115.86051666666667,WA,Waroona
6218,-32.9537,115.8969,WA,Yarloop
6220,-33.048,115.86421666666666,WA,Hoffman
6221,-33.13335,115.9,WA,Mornington
6223,-33.1667,115.85,WA,Benger
6224,-33.21445,115.9142,WA,Beela
6225,-33.27137222222222,116.40291666666667,WA,Allanson
6226,-33.2833,115.8167,WA,Roelands
6227,-33.3071,115.8137,WA,Burekup
6228,-33.3186,115.7567,WA,Waterloo
6229,-33.34855,115.7008,WA,Picton East
6230,-33.35734615384616,115.65186153846153,WA,Withers
6231,-33.3271,115.6414,WA,Bunbury
6232,-33.3114,115.72,WA,Eaton
6233,-33.224180000000004,115.72149999999999,WA,Parkfield
6236,-33.43105,115.833625,WA,Wellington Mill
6237,-33.482933333333335,115.67391666666667,WA,Stratham
6239,-33.593827272727275,115.92250909090909,WA,Beelerup
6240,-33.5344,115.9756,WA,Lowden
6243,-33.6833,116.2333,WA,Wilga West
6244,-33.897775,116.5406,WA,Mayanup
6251,-33.710100000000004,115.87426666666666,WA,Newlands
6252,-33.7333,115.9333,WA,Mullalyup
6253,-33.796533333333336,116.02243333333332,WA,Balingup
6254,-33.84905,116.05754999999999,WA,Greenbushes
6255,-33.901157142857144,116.17052857142858,WA,Benjinup
6256,-34.06118333333333,116.21096666666666,WA,Yornup
6258,-34.32049166666666,116.2931125,WA,Yanmah
6260,-34.42852,116.02635000000001,WA,Eastbrook
6262,-34.7331,116.07781666666666,WA,Crowea
6271,-33.5618,115.56192000000001,WA,Peppermint Grove Beach
6275,-34.086510000000004,115.67961,WA,Nannup
6280,-33.70495882352941,115.34003823529413,WA,Carbunup River
6281,-33.620819999999995,115.10170000000001,WA,Quindalup
6282,-33.691500000000005,115.09885,WA,Yallingup Siding
6284,-33.864425,115.153975,WA,Baudin
6285,-33.9575,115.12298888888888,WA,Prevelly
6286,-34.0871,115.07447499999999,WA,Forest Grove
6288,-34.18772857142857,115.19141428571429,WA,Karridale
6290,-34.24765,115.14828333333332,WA,Leeuwin
6302,-31.93426956521739,116.75584347826087,WA,Talbot West
6304,-32.14451428571429,116.94034285714285,WA,Westdale
6306,-32.36848,117.2494,WA,Brookton
6308,-32.57106,116.86100000000002,WA,Springs
6309,-32.6558,117.163025,WA,Popanyinning
6311,-32.7661875,117.11205,WA,Yornaning
6312,-32.960433333333334,117.32205555555555,WA,Yilliminning
6313,-33.0667,117.25,WA,Highbury
6315,-33.266641666666665,117.35463333333333,WA,Piesseville
6316,-33.52851666666667,117.38393333333333,WA,Woodanilling
6317,-33.65803571428571,117.67601428571427,WA,Badgebup
6318,-33.869625,117.6221,WA,Broomehill
6320,-34.09768571428571,117.6602857142857,WA,Tambellup
6321,-34.2976,117.5518,WA,Cranbrook
6322,-34.362,117.5549,WA,Tenterden
6323,-34.4821,117.6253,WA,Kendenup
6324,-34.52425,117.860175,WA,Takalarup
6326,-34.7723,117.7042,WA,Narrikup
6327,-34.8667,117.6833,WA,Redmond
6328,-34.64393333333333,118.37674444444444,WA,Mettler
6330,-34.993618,117.845854,WA,Kalgan
6331,-34.6956,117.882,WA,Albany Dc
6332,-35.0031,117.866,WA,Albany
6333,-34.92631176470588,117.1257,WA,Kentdale
6335,-33.925775,118.0953,WA,Kebaringup
6336,-33.9258,118.54161666666668,WA,Needilup
6337,-33.918060000000004,119.17624,WA,Jerramungup
6338,-34.23896666666666,118.6102,WA,Bremer Bay
6341,-33.5413,118.146,WA,Nyabing
6343,-33.5378,118.5122,WA,Pingrup
6346,-33.7244,120.00835,WA,Ravensthorpe
6348,-33.9506,120.1264,WA,Hopetoun
6350,-33.28796666666667,117.7109,WA,Nippering
6351,-33.237700000000004,117.93010000000001,WA,Moulyinning
6352,-33.21685,118.0957,WA,Kukerin
6353,-33.0028,118.58877,WA,Beenong
6355,-33.00336363636364,119.11101818181818,WA,Lake Biddy
6356,-33.17586666666667,119.72793333333334,WA,Lake King
6357,-32.7546,118.6278,WA,Pingaring
6358,-32.4971,118.7098,WA,Karlgarin
6359,-32.472350000000006,119.1651,WA,Hyden
6361,-32.95625,117.81739999999999,WA,Tincurrin
6363,-32.86225,117.9507,WA,Dudinin
6365,-32.7092,118.192875,WA,Jilakin
6367,-32.4986,118.2653,WA,Kondinin
6368,-32.2,118.3333,WA,South Kumminin
6369,-32.03446,118.67357999999999,WA,Mount Walker
6370,-32.75978,117.62557999999999,WA,Wickepin
6372,-32.5921,117.6273,WA,Yealering
6373,-32.4964,117.7453,WA,Bullaring
6375,-32.323933333333336,117.94115,WA,Bilbarin
6383,-32.02478333333333,117.37136666666667,WA,South Quairading
6384,-31.9525,117.6572,WA,Pantapin
6385,-31.9295,117.7501,WA,Kwolyin
6386,-31.9325,117.8313,WA,Shackleton
6390,-32.771063636363635,116.43428181818182,WA,Ranford
6391,-32.9354625,116.6263,WA,Williams
6392,-33.37806,116.77626000000001,WA,Meeking
6393,-33.5116,116.7286,WA,Duranillin
6394,-33.7837875,116.9221125,WA,Muradup
6395,-33.947783333333334,117.11011666666667,WA,Kojonup
6396,-34.3667,117.0667,WA,Frankland
6397,-34.5105,117.0106,WA,Rocky Gully
6398,-34.831799999999994,116.66369999999999,WA,Broke
6401,-31.58553888888889,116.71918333333332,WA,Southern Brook
6403,-31.6373,116.7976,WA,Grass Valley
6405,-31.625975,117.00727499999999,WA,Warding East
6407,-31.640083333333333,117.19779999999999,WA,Youndegin
6409,-31.613580000000002,117.53119999999998,WA,South Tammin
6410,-31.69618,117.66572000000001,WA,Mount Caroline
6411,-31.5957,117.8435,WA,South Doodlakine
6412,-31.58325,117.96015,WA,Baandee
6413,-31.5342,118.0748,WA,Hines Hill
6414,-31.5333,118.1667,WA,Nangeenan
6415,-31.46098333333333,118.28928333333333,WA,Merredin
6418,-31.90405,118.0663,WA,Yarding
6419,-32.0325,118.0952,WA,Ardath
6420,-31.781399999999998,118.561,WA,Cramphorne
6421,-31.326966666666667,118.4011,WA,Burracoppin
6422,-31.3833,118.5667,WA,Walgoolan
6423,-31.169375,118.70739999999999,WA,Warrachuppin
6424,-31.37,118.86983333333332,WA,Bodallin
6425,-31.463099999999997,119.08035000000001,WA,Moorine Rock
6426,-31.564249999999998,119.50748571428572,WA,Parker Range
6427,-30.8212,119.5214,WA,Koolyanobbing
6428,-32.1264,118.0241,WA,Babakin
6429,-31.11025,120.8401375,WA,Mount Burges
6430,-30.771264285714288,121.47311428571427,WA,Kalgoorlie
6431,-30.571646153846153,122.10746923076923,WA,Kanowna
6432,-30.782249999999998,121.4911,WA,Boulder
6433,-30.7326,121.4645,WA,Kalgoorlie
6434,-30.95234,125.45664,WA,Cundeelee
6436,-29.6253,122.67015,WA,Ularring
6437,-27.91855,120.69525,WA,Leinster
6438,-29.0348,121.60695,WA,Leonora
6440,-27.39092857142857,124.60352857142857,WA,Burtville
6442,-31.2017,121.65069999999999,WA,Kambalda West
6443,-32.020754545454544,124.18673636363637,WA,Higginsville
6445,-32.9764,121.4256,WA,North Cascade
6446,-33.2317,121.7222,WA,Grass Patch
6447,-33.448625,121.720275,WA,Lort River
6448,-33.6442,121.8157,WA,Gibson
6450,-33.60469130434783,122.1486608695652,WA,Chadwick
6452,-33.8667,121.90000000000002,WA,Cape Arid
6460,-31.23598,116.73715999999999,WA,Ucarty West
6461,-31.14685,117.03645,WA,Dowerin
6462,-31.043233333333333,117.18256666666667,WA,Minnivale
6463,-31.1471,117.4098,WA,Benjaberring
6465,-30.8486,117.0977,WA,Manmanning
6466,-30.7694,117.1328,WA,Cadoux
6467,-30.5246,117.1769,WA,Burakin
6468,-30.161766666666665,117.17343333333334,WA,Petrudor
6470,-30.4854,117.2775,WA,Kulja
6472,-30.175471428571427,117.84088571428572,WA,Tampu
6473,-30.526200000000003,118.0659,WA,North Wialki
6475,-30.579514285714286,117.46648571428571,WA,Koorda
6476,-30.8011,117.6788,WA,Gabbin
6477,-30.8223,117.92500000000001,WA,Bencubbin
6479,-30.75261111111111,118.30193333333334,WA,Lake Brown
6480,-31.2833,118.2,WA,Nukarni
6484,-30.98453333333333,119.11236666666667,WA,Ennuin
6485,-31.125580000000003,117.45952,WA,Korrelocking
6487,-31.2167,117.74863333333333,WA,Yelbeni
6488,-31.1538,117.7928,WA,Trayning
6489,-31.0659,117.85383333333334,WA,North Kununoppin
6490,-31.2206,118.0554,WA,Elabbin
6501,-31.5821,115.9716,WA,Muchea
6502,-31.387999999999998,116.08775,WA,Bindoon
6503,-31.228185000000003,115.74475500000001,WA,Cullalla
6504,-31.3303,116.0212,WA,Mooliabeenee
6505,-31.1597,116.056,WA,Wannamal
6506,-31.0403,116.0425,WA,Mogumber
6507,-30.72245,115.60665,WA,Dandaragan
6509,-30.9093,116.232275,WA,New Norcia
6510,-30.725783333333336,116.08145,WA,Gillingarra
6511,-30.4961,115.0672,WA,Cervantes
6512,-30.421799999999998,116.04265000000001,WA,Coomberdale
6513,-30.328049999999998,116.0386,WA,Gunyidi
6514,-30.00855,114.97505000000001,WA,Green Head
6515,-29.9949,115.90520000000001,WA,Waddy Forest
6516,-30.3059,115.0383,WA,Jurien Bay
6517,-29.7312,115.9066,WA,Winchester
6518,-29.8219,115.26315,WA,Warradarge
6519,-29.489900000000002,115.6429,WA,Three Springs
6521,-30.3427,115.662,WA,Nambung
6522,-29.17661,115.48846,WA,Yandanooka
6525,-29.298308333333335,115.0502,WA,Irwin
6528,-28.93166666666667,114.86749999999999,WA,South Greenough
6530,-28.760463636363635,114.59276818181819,WA,Tarcoola Beach
6531,-28.779,114.6146,WA,Geraldton Po
6532,-28.636201694915254,114.89536610169492,WA,Meadow
6535,-28.202409999999997,114.61655,WA,Ogilvie
6536,-27.6391,114.40320000000001,WA,Zuytdorp
6537,-30.82945714285714,115.36957142857143,WA,Denham
6556,-31.856,116.30879999999999,WA,Beechina
6558,-31.8038,116.3131,WA,Wooroloo
6560,-31.7616,116.3799,WA,Wundowie
6562,-31.805633333333333,116.4507,WA,Copley
6564,-31.7333,116.5333,WA,Clackline
6566,-31.42335,116.45426,WA,Carani
6567,-31.480800000000002,116.31713333333335,WA,Julimar
6568,-31.262900000000002,116.50079999999998,WA,Wattening
6569,-31.090049999999998,116.4483,WA,Old Plains
6571,-30.675,116.3667,WA,Yerecoin
6572,-30.841,116.3884,WA,Piawaning
6574,-30.6783,116.37385,WA,Gabalong
6575,-30.4897,116.3624,WA,Miling
6603,-30.853340000000003,116.80812,WA,Konnongorring
6605,-30.7109,116.7732,WA,Kondut
6606,-30.624466666666667,116.81313333333333,WA,West Ballidu
6608,-30.3109,116.65159999999999,WA,Pithara
6609,-30.17256666666667,116.78566666666666,WA,Dalwallinu
6612,-29.404725,117.275875,WA,Wubin
6613,-29.987,116.5713,WA,Buntine
6614,-29.8849,116.5044,WA,Maya
6616,-29.7587,116.4457,WA,Latham
6620,-29.3597,116.58445,WA,Rothsay
6623,-29.260050000000003,116.09188333333333,WA,Pintharuka
6625,-29.1963,116.1275,WA,Merkanooka
6627,-28.9002,115.8621,WA,Canna
6628,-28.7937,115.7478,WA,Tardun
6630,-27.3416,115.90814999999999,WA,Nerramyne
6631,-28.4804,115.793,WA,Pindar
6632,-28.65715,115.23205,WA,Tenindewa
6635,-27.829949999999997,116.62685,WA,Yalgoo
6638,-28.289875000000002,118.415325,WA,Mount Magnet
6639,-27.9868,119.2973,WA,Sandstone
6640,-27.03752,117.70239999999998,WA,Cue
6642,-25.71038333333333,118.55246666666666,WA,Peak Hill
6646,-25.735833333333332,121.57440000000001,WA,Wiluna
6701,-23.90084482758621,114.80752413793104,WA,Lyndon
6705,-24.887700000000002,115.78215,WA,Gascoyne Junction
6707,-22.09824,114.06317999999999,WA,Exmouth
6710,-22.329680000000003,115.98499999999999,WA,Onslow
6711,-20.9833,116.6917,WA,Thevenard Island
6712,-20.9833,116.6917,WA,Barrow Island
6713,-20.66535,116.71584999999999,WA,Dampier
6714,-20.880474999999997,116.67255,WA,Mulataga
6716,-21.63785,116.3249,WA,Pannawonica
6718,-20.80545,117.48895,WA,Roebourne
6720,-20.66786666666667,117.17683333333333,WA,Wickham
6721,-20.6288125,118.8109375,WA,Mundabullangana
6722,-20.378,118.58930000000001,WA,Boodarie
6723,-20.35,119.5333,WA,Goldsworthy
6725,-18.09649,122.30317,WA,Roebuck
6726,-17.961,122.2127,WA,Cable Beach
6728,-19.158425,121.60606250000001,WA,Camballin
6731,-20.5828,119.1891,WA,Cockatoo Island
6733,-21.0454,118.4324,WA,Koolan Island
6740,-15.57315,127.003,WA,Prince Regent River
6743,-19.304216666666665,127.36288333333334,WA,Lake Argyle
6751,-23.660310000000003,117.90861,WA,Rocklea
6753,-23.3564,119.7355,WA,Newman
6754,-23.2042,117.6697,WA,Paraburdoo
6758,-21.8897,120.1114,WA,Nullagine
6760,-21.1707,119.7444,WA,Marble Bar
6761,-21.1707,119.7444,WA,Shay Gap
6762,-21.2117,123.2617,WA,Telfer
6765,-19.6839,122.65549999999999,WA,Mount Hardman
6770,-18.86997142857143,127.74662857142857,WA,Sturt Creek
6798,-10.4854,105.6365,WA,Christmas Island
6799,-12.1352,96.8628,WA,Home Island Cocos (Keeling) Islands
6800,-31.9522,115.8614,WA,Perth
6803,-31.9478,115.8588,WA,Northbridge
6809,-31.9522,115.8614,WA,Perth
6817,-31.9522,115.8614,WA,Perth
6820,-31.9522,115.8614,WA,Perth
6827,-31.9522,115.8614,WA,Perth
6830,-31.9522,115.8614,WA,Perth
6831,-31.9333,115.8333,WA,Perth St Georges Tce
6832,-31.94275,115.84735,WA,Perth Adelaide Tce
6837,-31.9522,115.8614,WA,Perth
6838,-31.9522,115.8614,WA,Perth
6839,-31.9522,115.8614,WA,Perth
6840,-31.9522,115.8614,WA,Perth
6841,-31.9522,115.8614,WA,Perth
6842,-31.9522,115.8614,WA,Perth
6843,-31.9522,115.8614,WA,Perth
6844,-31.9522,115.8614,WA,Perth
6845,-31.9522,115.8614,WA,Perth
6846,-31.9522,115.8614,WA,Perth
6847,-31.9522,115.8614,WA,Perth
6848,-31.9522,115.8614,WA,Perth
6849,-31.9333,115.8333,WA,Perth Bc
6850,-31.94265,115.847,WA,Cloisters Square Po
6865,-31.9478,115.8588,WA,Northbridge
6872,-31.949,115.842,WA,West Perth
6892,-31.9587,115.8711,WA,East Perth
6900,-31.9363,115.8419,WA,Leederville
6901,-31.9414,115.8312,WA,West Leederville
6902,-31.9363,115.8419,WA,Leederville
6903,-31.9363,115.8419,WA,Leederville
6904,-31.94925,115.8134,WA,Subiaco
6905,-31.9604,115.81375,WA,Northlands
6906,-31.9272,115.8528,WA,North Perth
6907,-31.9818,115.8073,WA,Nedlands
6909,-31.9818,115.8073,WA,Nedlands
6910,-31.9796,115.7823,WA,Claremont
6911,-32.0,115.7667,WA,Cottesloe
6912,-32.0054,115.7638,WA,Mosman Park
6913,-31.9333,115.8,WA,Wembley
6914,-31.875,115.8284,WA,Balcatta
6915,-31.92,115.8351,WA,Mount Hawthorn
6916,-31.94045,115.79325,WA,Osborne Park Dc
6917,-31.9007,115.8108,WA,Osborne Park
6918,-31.8927,115.7951,WA,Innaloo
6919,-31.9802,115.7757,WA,Joondalup Dc
6920,-31.863,115.7562,WA,North Beach
6921,-31.8723,115.7768,WA,Karrinyup
6922,-31.8958,115.7643,WA,Scarborough
6923,-31.807,115.7405,WA,Hillarys
6924,-31.8272,115.8025,WA,Greenwood
6925,-31.9167,115.8556,WA,Walliston Dc
6926,-31.9868,116.0704,WA,Kalamunda
6929,-31.9344,115.8716,WA,Mount Lawley
6931,-31.931,115.8949,WA,Maylands
6932,-31.9166,115.8798,WA,Inglewood
6933,-31.9169,115.9178,WA,Bayswater
6934,-31.9091,115.9437,WA,Bassendean
6935,-31.9,115.9667,WA,Guildford
6936,-31.9111,115.9333,WA,Midland Dc
6937,-31.8981,115.8349,WA,Tuart Hill
6938,-31.8981,115.8349,WA,Tuart Hill
6939,-31.8981,115.8349,WA,Tuart Hill
6940,-31.8981,115.8349,WA,Tuart Hill
6941,-31.8596,115.8659,WA,Mirrabooka
6942,-31.75,115.8,WA,Bassendean Dc
6943,-31.8877,115.9099,WA,Morley
6944,-31.8526,115.881,WA,Malaga
6945,-31.75,115.8,WA,Malaga Dc
6946,-31.75,115.8,WA,Wanneroo
6947,-31.75,115.8,WA,Wangara Dc
6951,-31.9833,115.8667,WA,South Perth
6952,-31.9912,115.8634,WA,Como
6953,-32.0167,115.8333,WA,Applecross
6954,-32.0395,115.8337,WA,Booragoon
6955,-32.0525,115.8878,WA,Willetton
6956,-32.0404,115.8012,WA,Melville
6957,-32.045,115.7859,WA,Palmyra
6958,-32.05,115.7667,WA,Royal Australian Navy Warships
6959,-32.05,115.7667,WA,Fremantle
6960,-32.2833,115.7167,WA,Myaree Bc
6961,-32.2833,115.7167,WA,Palmyra Dc
6963,-32.0845,115.7795,WA,Hamilton Hill
6964,-32.1428,115.85,WA,Success
6965,-32.2833,115.7167,WA,Bibra Lake Dc
6966,-32.2301,115.7813,WA,Kwinana
6967,-32.2833,115.7167,WA,Rockingham Dc
6968,-32.2768,115.7298,WA,Rockingham
6969,-32.2833,115.7167,WA,Rockingham Beach
6970,-31.9919,115.8645,WA,Canning Vale Dc
6979,-31.9762,115.9052,WA,Victoria Park
6980,-32.0167,115.95,WA,Cannington
6981,-31.9889,115.9039,WA,East Victoria Park
6982,-32.0,115.9167,WA,Bentley
6983,-32.0048,115.9411,WA,Bentley Dc
6984,-31.9435,115.9255,WA,Belmont
6985,-31.9628,115.9443,WA,Cloverdale
6986,-32.0048,115.9411,WA,Welshpool Dc
6987,-32.0167,115.95,WA,Cannington
6988,-32.06,115.955,WA,Thornlie
6989,-32.05,115.9833,WA,Maddington
6990,-32.081,116.0054,WA,Gosnells
6991,-32.1243,116.0259,WA,Kelmscott
6992,-32.1461,116.0093,WA,Armadale
6997,-32.1167,116.0056,WA,Kelmscott Dc
7000,-42.875566666666664,147.31846666666667,TAS,Mount Stuart
7001,-42.8794,147.3294,TAS,Hobart
7002,-42.8741,147.316,TAS,North Hobart
7004,-42.89225,147.3212,TAS,South Hobart
7005,-42.9059,147.33227499999998,TAS,Sandy Bay
7006,-42.8945,147.3244,TAS,Sandy Bay
7007,-42.91735,147.3139,TAS,Tolmans Hill
7008,-42.864549999999994,147.2919,TAS,New Town
7009,-42.841499999999996,147.297625,TAS,West Moonah
7010,-42.82798333333333,147.2726,TAS,Rosetta
7011,-42.793949999999995,147.24869999999999,TAS,Berriedale
7012,-42.8292,147.19805,TAS,Collinsvale
7015,-42.836666666666666,147.34363333333332,TAS,Geilston Bay
7016,-42.8124,147.3565,TAS,Risdon Vale
7017,-42.76296666666667,147.30941666666666,TAS,Honeywood
7018,-42.875275,147.3815,TAS,Rosny
7019,-42.896800000000006,147.4496,TAS,Oakdowns
7020,-42.9593,147.51055,TAS,Sandford
7021,-42.9136,147.4875,TAS,Lauderdale
7022,-43.0247,147.4149,TAS,South Arm
7023,-42.9954,147.4038,TAS,Opossum Bay
7024,-42.9578,147.5315,TAS,Cremorne
7025,-42.7619,147.41985,TAS,Richmond
7026,-42.6648,147.4232,TAS,Campania
7027,-42.5333,147.3667,TAS,Colebrook
7030,-42.48941714285714,147.11400571428572,TAS,Steppes
7050,-42.978300000000004,147.31145,TAS,Kingston Beach
7051,-42.9764,147.3035,TAS,Kingston
7052,-43.0031,147.3169,TAS,Blackmans Bay
7053,-42.9566,147.34015,TAS,Bonnet Hill
7054,-43.00878461538461,147.26615384615386,TAS,Coningham
7055,-43.0016,147.2957,TAS,Huntingfield
7109,-43.13780714285714,146.99067142857143,TAS,Wattle Grove
7112,-43.19628,147.12901,TAS,Nicholls Rivulet
7113,-43.0888,147.0091,TAS,Franklin
7116,-43.191325,146.9103125,TAS,Castle Forbes Bay
7117,-43.3142,147.0149,TAS,Dover
7119,-42.4,147.3833,TAS,Stonor
7120,-42.35144210526316,147.47236842105264,TAS,Swanston
7139,-42.7665,146.0521,TAS,Strathgordon
7140,-42.60848541666667,146.7939875,TAS,Macquarie Plains
7150,-43.173842105263155,147.24741578947368,TAS,Allens Rivulet
7151,-42.71601428571429,146.91618571428572,TAS,Macquarie Island
7155,-43.1262,147.2464,TAS,Kettering
7162,-43.1656,147.24045,TAS,Birchs Bay
7163,-43.232600000000005,147.23635000000002,TAS,Flowerpot
7170,-42.8644,147.47656,TAS,Seven Mile Beach
7171,-42.7796,147.54275,TAS,Penna
7172,-42.74642,147.61964,TAS,Orielton
7173,-42.84511428571428,147.64441428571428,TAS,Forcett
7174,-42.8167,147.8,TAS,Copping
7175,-42.8133,147.8342,TAS,Bream Creek
7176,-42.7785,147.8153,TAS,Kellevie
7177,-42.8865,147.8108,TAS,Boomer Bay
7178,-42.9473,147.8705,TAS,Murdunna
7179,-43.0179,147.9222,TAS,Eaglehawk Neck
7180,-43.0629,147.863,TAS,Taranna
7182,-43.148599999999995,147.8479,TAS,Port Arthur
7183,-43.1333,147.8,TAS,Highcroft
7184,-43.125825,147.74212500000002,TAS,White Beach
7185,-43.0546,147.7708,TAS,Premaydena
7186,-43.02005,147.73415,TAS,Saltwater River
7187,-43.05,147.85,TAS,Koonya
7190,-42.395514285714285,147.90957857142857,TAS,Swansea
7209,-42.0308,147.4927,TAS,Ross
7210,-41.9696,147.64465,TAS,Campbell Town
7211,-41.79773333333333,147.39436666666666,TAS,Cleveland
7212,-41.539625,147.4019875,TAS,Evandale
7213,-41.76136666666667,147.78756666666666,TAS,Royal George
7214,-41.538399999999996,147.867625,TAS,Mangana
7215,-41.67468125,148.23913125,TAS,Seymour
7216,-41.27633,148.16226,TAS,The Gardens
7248,-41.39766,147.14068,TAS,Newnham
7249,-41.46848,147.16014,TAS,Youngtown
7250,-41.45233333333333,147.13441333333333,TAS,Norwood
7252,-41.1613,147.03834545454546,TAS,Swan Bay
7253,-41.103175,146.834025,TAS,George Town
7254,-41.138171428571425,147.21622857142856,TAS,Golconda
7255,-40.02516428571429,147.9894642857143,TAS,Ranga
7256,-39.8477625,143.9820625,TAS,Naracoopa
7257,-40.3734,148.027,TAS,Cape Barren Island
7258,-41.5127,147.21763333333334,TAS,Relbia
7259,-41.3367,147.3569,TAS,Patersonia
7260,-41.16637333333333,147.50687333333332,TAS,North Scottsdale
7261,-41.133300000000006,147.7495,TAS,Branxholm
7262,-40.94273333333334,147.61483333333334,TAS,Waterhouse
7263,-41.257079999999995,147.7315,TAS,Trenah
7264,-41.06344,147.94923333333332,TAS,Gladstone
7265,-41.0904,147.82025,TAS,Winnaleah
7267,-41.23886,147.1433,TAS,Karoola
7268,-41.25466666666667,147.22386666666668,TAS,Underwood
7270,-41.17128181818182,146.8310909090909,TAS,Rowella
7275,-41.29525833333333,146.90326666666667,TAS,Blackwall
7276,-41.2863,146.9752,TAS,Gravelly Beach
7277,-41.35635,147.00775,TAS,Grindelwald
7290,-41.5006,147.0736,TAS,Hadspen
7291,-41.5324,147.0103,TAS,Carrick
7292,-41.46898,146.92365999999998,TAS,Quamby Bend
7300,-41.60613333333333,147.21843333333334,TAS,Perth
7301,-41.6505,146.98201999999998,TAS,Blackwood Creek
7302,-41.710433333333334,146.99236666666667,TAS,Cressy
7303,-41.5385,146.86498571428572,TAS,Osmaston
7304,-41.568110000000004,146.53701333333336,TAS,Weegena
7305,-41.3633,146.42686666666665,TAS,Railton
7306,-41.43909047619048,146.2470619047619,TAS,Staverton
7307,-41.20545833333333,146.50788333333333,TAS,Sassafras
7310,-41.28281666666667,146.25777916666667,TAS,Forthside
7315,-41.270011764705885,146.1331529411765,TAS,Ulverstone
7316,-41.17199090909091,145.993,TAS,West Pine
7320,-41.1743052631579,145.98140526315788,TAS,Camdale
7321,-41.15385428571429,145.6148685714286,TAS,Stowport
7322,-41.0406,145.8305,TAS,Somerset
7325,-41.078538095238095,145.61799047619047,TAS,Takone
7330,-40.958442857142856,145.01660357142856,TAS,Trowutta
7331,-40.7606,145.2955,TAS,Stanley
7466,-42.0749,145.5968,TAS,Gormanston
7467,-42.0805,145.5565,TAS,Lake Margaret
7468,-42.1519,145.3273,TAS,Macquarie Heads
7469,-41.840275000000005,145.380675,TAS,Granville Harbour
7470,-41.7794,145.5383,TAS,Rosebery
7800,-42.8794,147.3294,TAS,Hobart
7802,-42.8794,147.3294,TAS,Hobart
7803,-42.8794,147.3294,TAS,Hobart
7804,-42.8794,147.3294,TAS,Hobart
7805,-42.8794,147.3294,TAS,Hobart
7806,-42.8794,147.3294,TAS,Hobart
7807,-42.8794,147.3294,TAS,Hobart
7808,-42.8794,147.3294,TAS,Hobart
7809,-42.8794,147.3294,TAS,Hobart
7810,-42.8794,147.3294,TAS,Hobart
7811,-42.8794,147.3294,TAS,Hobart
7812,-42.8794,147.3294,TAS,Hobart
7813,-42.8794,147.3294,TAS,Hobart
7814,-42.8794,147.3294,TAS,Hobart
7823,-42.8794,147.3294,TAS,Hobart
7824,-42.8794,147.3294,TAS,Hobart
7827,-42.8794,147.3294,TAS,Hobart
7828,-42.8794,147.3294,TAS,Hobart
7829,-42.8794,147.3294,TAS,Hobart
7845,-42.8794,147.3294,TAS,Hobart
7850,-42.8794,147.3294,TAS,Hobart
7901,-41.4388,147.1347,TAS,Launceston
7902,-41.4388,147.1347,TAS,Launceston
7903,-41.4388,147.1347,TAS,Launceston
7904,-41.4388,147.1347,TAS,Launceston
7905,-41.4388,147.1347,TAS,Launceston
7906,-41.4388,147.1347,TAS,Launceston
7907,-41.4388,147.1347,TAS,Launceston
7908,-41.4388,147.1347,TAS,Launceston
7915,-41.0558,145.9037,TAS,Burnie
7916,-41.4388,147.1347,TAS,Launceston
7917,-41.4388,147.1347,TAS,Launceston
7918,-41.4388,147.1347,TAS,Launceston
7919,-41.4388,147.1347,TAS,Launceston
7920,-41.4388,147.1347,TAS,Launceston
7921,-41.4388,147.1347,TAS,Launceston
7922,-41.4388,147.1347,TAS,Launceston
7923,-41.4388,147.1347,TAS,Launceston
8001,-37.814,144.9633,VIC,Melbourne
8002,-37.8167,144.9879,VIC,East Melbourne
8003,-37.8153,144.9756,VIC,Collins Street East
8004,-37.8153,144.9756,VIC,St Kilda Road
8005,-37.8153,144.9756,VIC,World Trade Centre
8006,-37.8153,144.9756,VIC,Abeckett Street
8007,-37.8153,144.9756,VIC,Collins Street West
8008,-37.8153,144.9756,VIC,St Kilda Road Central
8009,-37.8153,144.9756,VIC,Flinders Lane
8010,-37.8149,144.9505,VIC,Law Courts
8011,-37.8149,144.9505,VIC,Little Lonsdale Street
8012,-37.8149,144.9505,VIC,Docklands
8045,-37.814,144.9633,VIC,Melbourne
8051,-37.814,144.9633,VIC,Melbourne
8060,-37.814,144.9633,VIC,Melbourne
8061,-37.814,144.9633,VIC,Melbourne
8066,-37.814,144.9633,VIC,Melbourne
8069,-37.814,144.9633,VIC,Melbourne
8070,-37.814,144.9633,VIC,Melbourne
8071,-37.814,144.9633,VIC,Melbourne
8102,-37.814,144.9633,VIC,Melbourne
8103,-37.814,144.9633,VIC,Melbourne
8107,-37.814,144.9633,VIC,Melbourne
8108,-37.814,144.9633,VIC,Melbourne
8111,-37.814,144.9633,VIC,Melbourne
8120,-37.814,144.9633,VIC,Melbourne
8205,-37.814,144.9633,VIC,Melbourne
8383,-37.814,144.9633,VIC,Melbourne
8386,-37.814,144.9633,VIC,Melbourne
8388,-37.814,144.9633,VIC,Melbourne
8390,-37.814,144.9633,VIC,Melbourne
8393,-37.814,144.9633,VIC,Melbourne
8394,-37.814,144.9633,VIC,Melbourne
8396,-37.814,144.9633,VIC,Melbourne
8399,-37.814,144.9633,VIC,Melbourne
8627,-37.8421,145.0694,VIC,Camberwell
9000,-27.4679,153.0281,QLD,Brisbane
9001,-27.4679,153.0281,QLD,Brisbane
9002,-27.4679,153.0281,QLD,Brisbane
9005,-27.4679,153.0281,QLD,Brisbane
9007,-27.4679,153.0281,QLD,Brisbane
9008,-27.4679,153.0281,QLD,Brisbane
9009,-27.4679,153.0281,QLD,Brisbane
9010,-27.4679,153.0281,QLD,Brisbane
9013,-27.4679,153.0281,QLD,Brisbane
9015,-27.4679,153.0281,QLD,Brisbane
9016,-27.4679,153.0281,QLD,Brisbane GPO Boxes
9017,-27.4679,153.0281,QLD,Brisbane GPO Boxes
9018,-27.4679,153.0281,QLD,Brisbane GPO Boxes
9019,-27.4679,153.0281,QLD,Brisbane GPO Boxes
9020,-27.4679,153.0281,QLD,Brisbane
9021,-27.4679,153.0281,QLD,Brisbane GPO Boxes
9022,-27.4679,153.0281,QLD,Brisbane GPO Boxes
9023,-27.4679,153.0281,QLD,Brisbane GPO Boxes
9464,-33.8816,150.9844,QLD,Northgate Mc
9726,-33.8816,150.9844,QLD,Gold Coast Mc
9943,-21.1534,149.1655,QLD,Mackay
9944,-20.2768,148.6976,QLD,Cannonvale
